Item,თარგმანი
 ციფრული მულტიმეტრი,"fluke 17b+ digital multimeter, for electrical applications, measures ac/dc voltage 100v, current measurements to 10a, resistance, continuity, diode, capacitance, frequency, and temperature testing"
AT1000 Series Potentiometric Titrator with 1 Burette - Model AT1102,"ავტომატური ტიტრატორი, შეიცავს:
 AT1102-Titralab AT1000 ტიტრატორი
 LZE144- კვების წყარო.  LZE141- 4 პოზიციის მილის დამჭერი
 LZE185- ელექტროდის შესანახი მილი. გამოყენების ინსტრუქციის წიგნი"
კვების წყარო,"dc15v 3a power supply 15v charger with 11 plug tips ac to dc 15v 500ma 1a 1.5a 2a 2.5a power supply converter transformer for pc display, massage gun, monitor 15v devices power supply"
ჩანთა Fluke-ის ციფრული მულტიმეტრებისთვის,rlsoco carrying case for fluke 117/115/116/114/113/177/178/179/233 digital multimeter and fits for fluke 101/106/107/ f15b+f17b+f18b+ and more (with diy foam) (red zip
"Intellical PHC301 Laboratory General Purposes Refillable pH Electrode, 1 m Cable",PHC301 წყლის ხარისხის ლაბორატორიის შევსებადი pH ელექტროდი- მოყვება სტანდარტული ხვსნარი 3 M KCl (კალიუმის ქლორიდი) ხსნარი გაჯერებული AgCl (ვერცხლის ქლორიდი)
"Set contains ManVer® 2 Indicator, Hardness 1 Buffer Solution and one cartridge each of 0.0800 M and 0.800 M EDTA.","ნაკრები შეიცავს: სიხისტის სტანდარტულ ბუფერს (ხსნარს). სიხისტის ინდიკატორს (ფხვნილის სახით), ედტა სტანდარტულ ხსნარს- ეთილენდიამინტეტრაძმარმჟავა"
" Set contains: Buffer Solution (Hardness 1), ManVer® 2 Hardness Indicator Powder Pillows and 0.800 M EDTA Digital Titrator Cartridge for 40 - 100 tests","ნაკრები შეიცავს: სიხისტის სტანდარტულ ბუფერს (ხსნარს). სიხისტის ინდიკატორს (ფხვნილის სახით), ედტა სტანდარტულ ხსნარს- ეთილენდიამინტეტრაძმარმჟავა"
"DB9 RS232 ადაპტერი (Male+Female, კორპუსით და ჭანჭიკებით)",db9 solderless rs232 d-sub serial to 9-pin port terminal male adapter connector breakout board with case long bolts tail pipe (male+female)
კონცენტრული რედუქტორი,"concentric reducer sch 10s 316/l stainless steel - 1"" x 1/2"" nb sch10s concentric reducer butt weld 316l welded stainless steel"
სიგნალის კონვერტორები,"messumformer 4-20ma to 0-10v converter, transmitter 4-20ma plc detect conditioner dc 24v current isolator (one in one out)"
"Intellical PHC281 Water Quality Laboratory Refillable pH Electrode, 1 m Cable",PHC281 წყლის ხარისხის ლაბორატორიის შევსებადი pH ელექტროდი- მოყვება სტანდარტული ხვსნარი KCl (კალიუმის ქლორიდი) 2.44 M
90° Profibus DP კონექტორი – პორტის გარეშე,viagasafamido profibus connector 90° programming cable interface connector dp connector (without programming port)
მაგნიტური სამაგრი ნაკრები,"hanging loop strap magnet hanger kit for fluke instruments multimeter 1 straps, 1 clips and magnetic hanger bobii"
მრავალელემენტიანი სტანდარტული ხსნარი,"multi-element icp-ms standard solution cr-05, 100 mlroti®star 9 elements in 1 % hno3, concentration in mg/l"
უჟანგავი ფოლადის კონცენტრული რედუქტორი,"stainless steel seamless concentric reducer dn50 60,3 x 4 mm / dn25 33,7 x 3,2 mm in grade 1.4571 / 316ti"
მყარე ხელსაბანი ჩანთა ,hard tool carrying case for fluke 323/324/325/303/305 clamp multimeter fc true rms meters(case only)
 რაოდენობრივი ფილტრის ქაღალდი,"whatman 10312209 quantitative filter paper, 8-10 micron, grade 598, 90mm diameter (pack of 100)"
STM32F401 ბორდი Micropython-ის მხარდაჭერით,stm 32 f 401 rct 6/stm 32 f 401 ccu 6 core board system board development board micropython
კალიუმის პერმანგანატის ხსნარი,"potassium permanganate solutionroti®volum 0,02 mol/l - 0,1 n, volumetric standard solution"
პიპეტის თავაკები,"pipette tips mμlti® universal 100–1000 μl, standard, bag, 1000 unit(s), non-sterile, blue"
უჟანგავი ფოლადის შედუღების კისრის ფლანგა,stainless steel forged weld neck flange dn50 60.3 mm pn10/16 (en1092-1/11b1) 1.4541 / 321
vne148607d00000100000000010000,OPTISONIC 6000                                                (V2) Portable  DN50-DN1500
ერთარხიანი მიკროლიტრიანი პიპეტი,"single-channel microlitre pipette proline® plus variable, 0.5 to 10 µl from sartorius"
"Sension+ pH Probes for Laboratory Meters, with BNC Connector and Temperature Compensation","ზონდები ლაბორატორიული მრიცხველებისთვის, BNC კონექტორით და ტემპერატურის კომპენსირებით"
"accessories racks, chrome-plated for solid.line incubators and drying ovens, suitable for: for bd-s 056/ed-s 056/fd-s 056","აქსესუარების თაროები, ქრომირებული Solid.Line ინკუბატორებისა და საშრობი ღუმელებისთვის"
"HQ4300 Portable Multi-Meter with Gel pH, Conductivity, and Dissolved Oxygen Electrode, 1 m Cables",პორტატული მულტიმტრი ელექტროდებით:  pH. გახსნილი ჟანგბადი წყალში და გამტარობა წყლის.
"Anionic Surfactants, cuvette test 0.05-2.0 mg/L, 25 tests",წყალში ანიონური ზედაპირულად აქტიური ნივთიერებების შემცველობის განმსაზღვრელი ტესტი
"Cationic surfactants cuvette test 0.2-2.0 mg/L, 25 tests","კათიონური ზედაპირულად აქტიური ნივთიერებების კუვეტის ტესტი 0.2-2.0 მგ/ლ, 25 ტესტი"
ოქსილის მჟავას ხსნარი,"oxalic acid solutionroti®volum 0,05 mol/l - 0,1 n, volumetric standard solution"
"Intellical MTC101 Laboratory Low Maintenance Gel Filled ORP/RedOx Electrode, 1 m Cable","ლაბორატორიული, დაბალი მოვლის, გელის შევსებული ORP/რედოქს ელექტროდი, 1 მ კაბელი"
უსადენო TROLL კომუნიკატორი,"wireless troll com for ios, android, and pc (twist lock/cable connect version)"
დინატრიუმის მარილის ხსნარი,"edta disodium salt solution roti®volum 0,1 mol/l - 0,1 n, volumetric standard"
BOD Direct Plus,ირდაპირი მეთოდით BOD (ბიოქიმიური ჟანგბადის მოთხოვნილების) გაზომვის სისტემა.
სასწორი შიდა კალიბრაციით,"precision balances eg series, internal calibration, 2200 g, 0,01 gfrom kern"
"Natural Water Standard Solution, 30 ppm Total Dissolved Solids (TDS), 500 mL",ნატურალური წყლის სტანდარტული ხსნარი. წყალში შეწონილი ნაწილაკების სტანდარტი
დარიშხანის სტანდარტული ხსნარი,"arsenic icp standard solution, 100 mlroti®star 1 000 mg/l as, in 2 % hno3"
"Intellical LDO101 Laboratory Luminescent/Optical Dissolved Oxygen (DO) Sensor, 1 m Cable",ინტელექტუალური  ლაბორატორიული ლუმინესცენტური/ოპტიკური გახსნილი ჟანგბადის
ტემპერატურის საზომი ზოლები შეუქცევადია,"temperature measuring strips irreversible, 77-82-88-93-99-104-110-116 °c"
"Intellical LDO101 Field Luminescent/Optical Dissolved Oxygen (DO) Sensor, 5 m Cable",ინტელექტუალური ველის ლუმინესცენტური ოპტიკური გახსნილი ჟანგბადის სენსორი
პიპეტკის თავსაკრავები,"pipette tips makro 0.5–
5 ml suitable for roth,
brand, bag, non-sterile"
"COD cuvette test - ISO 15705, 0-150 mg/L O₂",ოქსიდატიური ორგანული ნივთიერებების რაოდენობის განსაზღვრის კუვეტის ტესტი
optisys tur 1060,"წყლის სიმღვრივის მზომი ელექტრონული ინსტრუმენტი, კედელზე დასამონტაჟებელი"
კლამპ მულტიმეტრი,"fluke-301d/esp, 600a ac/dc clamp meter with slim body and thin jaw arm"
"drying cabinet solid.line models: ed-s with natural air circulation, 62 l, ed-s 056",საშრობი კარადა Solid.Line მოდელები: ED-S ბუნებრივი ჰაერის ცირკულაციით
"HQ440D Laboratory Dual Input, Multi-Parameter Meter - pH, Conductivity, Optical Dissolved Oxygen, ORP, and ISE with Electrode Stand","HQ440D ლაბორატორიული ორმაგი შეყვანის, მრავალპარამეტრიანი მეტრი - pH,"
საწვეთური ბოთლი პიპეტით ყავისფერი შუშით,"dropper bottle with pipette brown glass, 50 mlfrom dwk life sciences"
sng49pa0000b1010000000010ga000,UFC 300                                                (V2) PORTABLE
mac 100 converter," წყლის სიმღვრივის მზომი სენსორის კონტროლერი, ელექტრონული მოწყობილობა"
"COD cuvette test, Mercury free, 0-1000 mg/L O₂, 25 tests",წყალში ჟანგბადის ქიმიური მოხმარების შემცველობის განმსაზღვრელი ტესტი
ტერმინალის ბლოკი,"simatic s7-1200, communication board cb 1241, rs485, terminal block"
"mech seal wf d35 ssp4
wf80 36-10 4 / wf100
60-20 11 / wf100 100-8 11 /
wf100 60-20 7,5","მექანიკური მბეჭდავი WF D35 SSP4 (სხვადასხვა მოდელებზე: WF80, WF100)"
ფოსფატების განსაზღვრის რეაგენტები,reagents for phosphate determination using lovibond® md photometers
Red nut for filter block,"წითელი ქანჩი(გაიკა), გორტექს ფილტრის დამაკავშირებელი მილის დამჭერი"
ამრევი ზოლები,"stirring bars rotilabo® glass, 150 mm, ø: 6 mm from roth selection"
"BOD5 cuvette test 4 -1650 mg/L O, 39 tests",წყალის ჟბმ (ჟაგბადის ბიოლოგიური მოთხოვნა) განმსაზღვრავი რეაგენტები
კადმიუმის სტანდარტული ხსნარი,"cadmium icp standard solutionroti®star 1 000 mg/l cd, in 2 % hno3"
"HQ411D Laboratory Single Input, pH/mV Meter - pH and ORP",გასაზომი ხელსაწყო: pH და ორპ (ჟანგვა-აღდგენითი პოტენციალი) წყალში
ტუმბოს აქსესუარი გამსვლელი კოლექტორი,"maniflods outlet pbs2-ol m6""(dn150) p4""(dn100) m/t ¼""/2x1 vdroo90"
"Intellical MTC301 Laboratory General Purpose Refillable ORP/RedOx Electrode, 1 m Cable",ლაბორატორიული ზოგადი დანიშნულების ამოავსებელი ORP/RedOx ელექტროდი
ტყვიის სტანდარტული ხსნარი,"lead icp standard solution roti®star 1 000 mg/l pb, in 2-3 % hno3"
სახელურიანი (ლევერული) ბიგრის ტიპის პეპლის სარქველი,"dn80-pn16, handlever ggg40/ss316/epdm wafer type butterfly valve"
წნევის შლანგი ქსოვილის ჩანართით,"pressure hose pvc, 13 mm, 20 mm, 50 m ( pvc with fabric insert.)"
მაგნიუმის სულფატის ჰეპტაჰიდრატი,"magnesium sulphate heptahydrate, 500 g, ≥99 %, ph. eur., usp, bp"
პლატა,dat3024 remote i/o module 4 channel v/maoutput on rs-485 network
"Buffer Solution Kit, Colour-coded, pH 4.01, pH 7.00 and pH 10.01, 500 mL","ბუფერული ხსნარების ნაკრები pH 4.01, pH 7.00 და pH 10.01, 500 მლ"
"COD cuvette test - ISO 15705, 0-1000 mg/L O",წყალში ჟქმ (ჟაგბადის ქიმიური მოთხოვნა) განმსაზღვრავი რეაგენტები
"მაქსიმალური/მინიმალური თერმომეტრი, ეკოლოგიურად უსაფრთხო, ალუმინის","maximum/minimum
thermometer
environmentally
friendly, aluminium"
"პასტერის პიპეტები დასაკეცი ბუხრით გრადუირებული,","pasteur pipettes with folding bellows graduated, 1.5 ml, 134 mm"
optisens tur 2000,"წყლის სიმღვრივის მზომი ელექტრონული ინსტრუმენტი, წყალში ჩასაძირი"
"მაქსიმალური/მინიმალური თერმომეტრი ეკოლოგიურად სუფთა, ალუმინის","maximum/minimum thermometer environmentally friendly, aluminium"
"ძლიერი, ტუ-პუ მასალის, არავენტილირებადი, ტვისტ-ლოკ კაბელი,","rugged twist-lock cable, non-vented, tpu, no reel, twist-lock,"
ამონიუმის ჰეპტამოლიბდატის ტეტრაჰიდრატი,"ammonium heptamolybdate tetrahydrate, 1 kg, plastic≥99 %, p.a."
მექანიკური ხრახნი წნევის სარქველის შესარემონტებლად,"threaded bushing assembly dn 15, 1.4404/carbon, for 10 mm stem"
"COD TNT, Mercury free, 0 - 1500 mg/L O₂","ქიმიური ჟანგვის მოთხოვნილება), TNT ტესტი, ვერცხლისწყალგაუმტარი"
ტუმბოს აქსესუარი(გამსვლელი კოლექტორი),"manifolds outlet pbs2-ol m2½"" p 1½"" m/t ¼""/1"" aisi304 vdroo10"
ხლორის ტესტის ზოლები,test strips quantofix® chlorine sensitive from macherey-nagel
"კალიუმის ქლორიდი, სუფთა,
ანტიკოროზიული აგენტით","potassium chloride, 1 
kg ≥99 %, pure, with 
anti-caking agen"
კრისტალიზაციის ჭურჭელი ,"crystallization dishes rotilabo® with spout, 3500 ml, 230 mm"
ჰიდრავლიკური კომპლექტი საყრდენით,"hydraulic kit with bearing 374. including: 290, 487, 21, 479"
"რექტანგულარული კამერა, ფართო 100, ოპტიკური მინა OG, 50 მმ სიგრძის გზით","rectangular cell, w 100, optical
glass og, 50 mm path length"
"Reducing adapter, 16 mm to 13 mm vials, 5 pieces","შესამცირების ადაპტერი, 16 მმ-დან 13 მმ-მდე ფლაკონები, 5 ცალი"
"Singlet Single-use Conductivity Standard Solution, 147 µS/cm, KCl, 20 mL","გამტარიანობის სტანდარტული ხსნარი, კალიუმის ქლორიდი 147 µS/cm"
"DR300 - Chlorine,Free+Total, w.Box","ქლორის (თავისუფალი და სრული) განსაზღვრის მოწყობილობა, ყუთში"""
"Reagent set, hardness (total), digital titrator, full range","რეაგენტების ნაკრები, წყალში სიხისტის განსაზღვრის, ტიტრატორი"
პიპეტი,"single-channel microlitre pipette rotilabo®, 100 to 1000 µl"
ტუმბო,wf100 80-25 11 t 4069 5 2 fa00102 std (delta star starting)
"Reagent set, hardness (total), HR, digital titrator","რეაგენტების ნაკრები, წყალში სიხისტის განსაზღვრის, ტიტრატორი"
"მულტიელემენტური სტანდარტი წყლის სიმკვრივის, დუღილის, გაყინვის ტემპერატურის დასადგენად","icp multi-element standard solution (28 elements, 100 mg/l)"
რადარის სენსორი წყლის დონის გაზომვისთვის,ott rls radar sensor for water level measurement - 25.3 ghz
"Phosphate Ortho/Total cuvette test 0.5-5.0 mg/L PO₄-P, 25 tests
",წყალში ფოსფატების (ორთო/საერთო) განსაზღვირის ტესტ-კიუვეტები
"Cyanide cuvette test 0.01-0.6 mg/L CN, 25 tests",წყალში ციანიდის (CN) შემცველობას ზომავს კუვეტის გამოყენებით
ერთარხიანი მიკროლიტრიანი პიპეტკა,"single-channel
microlitre pipette
rotilabo®, 500 to
5000 μl"
Total Hardness Reagent Set for Digital Titrator (LR),"რეაგენტების ნაკრები, წყალში სიხისტის განსაზღვრის, ტიტრატორი"
vn224es01c00b00000000000,OPTIFLUX 6000                                    DN 2.5-150
"Phosphate (ortho/total) cuvette test 2.0 -20.0 mg/L PO₄-P, 25 tests
",წყალში ფოსფატების (ორთო/საერთო) განსაზღვირის ტესტ-კიუვეტები
კომბინირებული სამონტაჟო მოწყობილობა,combined mounting support for ott svr+rls complete english
"Sodium/Potassium Ionic Strength Adjustor (ISA) Powder Pillows,",ნატრიუმის/კალიუმის იონური სიძლიერის მარეგულირებელი ფხვნილი
"Anionic Surfactants, cuvette test",ზედაპირულად აქტიური ნივტიერებების განმსაზღვრელი რეაგენტები
"Intellical PHC101 Laboratory Low Maintenance Gel Filled pH Electrode, 1 m Cable","ლაბორატორიული, დაბალი მოვლის, გელის შევსებული pH ელექტროდი"
"Addista Mixed-Parameter Standard, NIST, Wastewater, Low Range","მულიტი-პარამეტრული სტანდარტული ხსნარი, ჩამდინარე წყლისთვის"
Ethylenediaminetetra-acetic acid disodium salt dihydrate,ეთილენდიამინტეტრა-ძმარმჟავას დინატრიუმის მარილის დიჰიდრატი
ნატრიუმის თიოსულფატის პენტაჰიდრატი,"sodium thiosulphate pentahydrate, 500 g ≥99,5 %, p.a., acs"
Hach Online Process ORP Sensor - Clean Water Digital ORP Sensor,ონლაინ პროცესის ჟანგვა-აღდგენითი პოტენციალის (ORP) სენსორი
ტუმბოს აქსესუარი შემსვლელი კოლექტორი,"maniflods inlet pbs2-il m8""(dn200) p4""(dn100) t 1"" vdroo90"
"მაგნიუმის სულფატი, მონოჰიდრატი","manganese(ii) sulphate monohydrate, 250 g≥99 %, p.a., acs"
"Anionic Surfactants,
cuvette test 0.1 - 4.0
mg/L, 25 tests","ანიონური ზედაპირულად აქტიური ნივთიერებების კუვეტის ტესტი,"
ფოტომეტრული ტესტის ნაკრებები,"photometric test kits, cod vario tube tests 0 - 1500 mg/l"
ფოტომეტრული ტესტ-კიტი ქიმიური ჟანგვითი მოხმარების განსასაზღვრისთვის,"photometric test kits, cod vario tube tests 0 - 1500 mg/l"
"Anionic Surfactants,","ანიონური ზედაპირულად აქტიური ნივთიერებების კუვეტის ტესტი,"
შუასადები ,"packing, standard form, dn 15, 1.4404/1.4310, ptfe-carbon"
"Free and total chlorine test strips, 0 - 10 mg/L, 50 tests",თავისუფალი და საერთ ქლორის განმსაზღვრელი ტესტ ინდიკატორი
კალიუმის ნატრიუმის ტარტრატის ტეტრაჰიდრატი,"potassium sodium tartrate tetrahydrate, 500 g ≥99 %, usp"
"COD cuvette test 50-300 mg/L O₂, 25 tests",ჟანგბადის ქიმიური მოთხოვნის განმსაზღვრელი ტესტ-კიუვეტები
"COD cuvette test - ISO 15705, 0-1000 mg/L O₂",ჟანგბადის ქიმიური მოთხოვნის განმსაზღვრელი ტესტ-კიუვეტები
"COD cuvette test 100-600 mg/L O₂, 25 tests",ჟანგბადის ქიმიური მოთხოვნის განმსაზღვრელი ტესტ-კიუვეტები
"სახელურიანი U-PVC/PTFE/EPDM მასალების სარქველი, მოკლე კორპუსის U-PVC ბურთულიანი სარქველი","r2""-ø63, handlever u-pvc/ptfe/epdm s.c. u-pvc ball valve"
"COD cuvette test 1,000-10,000 mg/L O₂, 25 tests",ჟანგბადის ქიმიური მოთხოვნის განმსაზღვრელი ტესტ-კიუვეტები
BOD5 cuvette test 4,ჟანგბადის ქიმიური მოთხოვნის განმსაზღვრის ტესტ-კიუვეტები
"BOD5 cuvette test 
0.5-12.0 mg/L O₂, 20 
tests",ჟანგბადის ქიმიური მოთხოვნის განმსაზღვრის ტესტ-კიუვეტები
Anionic Surfactants,ზედაპირულად აქტიური ნივთიერებების განმსაზღვრელი ნაკრები
BOD5 cuvette test,ჟანგბადის ქიმიური მოთხოვნის განმსაზღვრის ტესტ-კიუვეტები
Portable HQ Series Field Case for Rugged Probes with Extended Cable Lengths,პორტატული საველე წყლის ხარისხის მზომი მოწყობილობის ყუთი
Nessler Reagent Solution,ნესლერის რეაგენტი ხსნარი (საერთო აზოტის განსაზღვისთვის)
"COD cuvette test - ISO 15705, 0-150 mg /L O₂",ჟანგბადის ქიმიური მოთხოვნის განმსაზღვრის ტესტ-კიუვეტები
"COD cuvette test 100-2000 mg/L O₂, 25 tests",ჟანგბადის ქიმიური მოთხოვნის განმსაზღვრის ტესტ-კიუვეტები
"COD cuvette test 15-150 mg/L O₂, 25 tests",ჟანგბადის ქიმიური მოთხოვნის განმსაზღვრის ტესტ-კიუვეტები
"Maintenance kit for 5500 sc Silica Analyser, 6 channels",სილიციუმის ანალიზატორის ტექნიკური მომსახურების ნაკრები
"მაგნიუმის სულფატი, ანჰიდრიდი","magnesium sulphate, 500 g, glass≥99 %, p.a., anhydrous"
"Intellical CDC401 Laboratory 4-Poles Graphite Conductivity Cell, 1 m Cable",ლაბორატორიული 4 პოლუსიანი გრაფიტის საკონდუქტო ცილინდრი
"Stablcal Calibration Kit, 100 mL, 2100Q",წყლის სიმღვრივის დასაკალიბრებელი მოწყობილობის რეაგენტი
"ბოთლი ყავისფერი მინის , 10 ცალიანი შეკვრა","screw top bottle rotilabo® brown glass, 1000 ml, gl 45"
"HQ1130 Portable Dedicated Dissolved Oxygen Meter with Rugged Field Dissolved Oxygen Electrode, 5 m Cable","პორტატული მზომი, ელექტროდით, წყალში გახსნილი ჟაგბადის"
"Bromcresol green-methyl red indicator solution, 100mL MDB",ბრომკრეზოლის მწვანე-მეთილის წითელი ინდიკატორის ხსნარი
"Silver nitrate digital titrator cartridge, 0.2256 N, 1 piece","ვერცხლის ნიტრატის კარტრიჯი, ავტომატური ტიტრატორისთვის"
Protective Glove for Portable HQ Series Meter,დამცავი ხელთათმანი HQ სერიის პორტატული მრიცხველისთვის
"Dilution water, organic free","განმაზავებელი წყალი, თავისუფალი ორგანული ნაერთებისგან"
კალიუმის ჰიდროქსიდი,"potassium hydroxide, 1 kg≥85 %, ph. eur., in pellets"
Silica Reagent Set,წყალში სილიკატების განმსახღვრელი რეაგენტების ნაკრები
გამაგრილებელი ტომარა ,"cooling bag fold’n cool™, 20 l, outer length: 320 mm"
"aurin tricarboxylic acid ammonium salt, 10 g","აურინის ტრიკარბოქსილის მჟავას ამონიუმის მარილი, 10 გ"
"Hardness (Total & Calcium) Test Kit, Model HA-4P MG-L","მყარი ნივთიერებების (საერთო და კალციუმის) ტესტ კიტი,"
"BOD5 cuvette test 4 -1650 mg/L O₂, 39 tests","ბიოქიმიური ჟანგვითი მოთხოვნა (BOD₅) კიუვეტის ტესტი,"
"საერთო ფოსფატი HR, კიუვეტის მილის ტესტი (ფხვნილის პაკეტი)","total phosphate hr, cuvette tube test (powder pack)"
Silica Reagent Set for 5500 sc,სილიციუმის განსაზრვრის ნარები- სტანდარტული ხსნარები
ფოსფატების ტესტი,"total phosphate hr, cuvette tube test (powder pack)"
"Free Chlorine DPD Reagent Powder Pillows, 10 mL, pk/100","თავისუფალი ქლორის DPD რეაგენტის ფხვნილის ბალიშები,"
"Conductivity Standard Solution, 1413 µS/cm, KCl, 500 mL","გამტარიანობის სტანდარტული ხსნარი, კალიუმის ქლორიდი"
"Conductivity Standard Solution, 147 µS/cm, KCl, 250 mL","გამტარიანობის სტანდარტული ხსნარი, კალიუმის ქლორიდი"
LDO Sensorkappe für INTELLICAL LDO,ინტელექტუალური სენსორის თავსახური განახლების ჩიპით
"Maintenance kit for 5500 sc Silica Analyser, 1 channel",შესაკეთებელი ნაკრები 5500 sc Silica Analyser-სთვის
"Dissolved Oxygen Reagent Accuvac Ampules, 0.3-15.0 mg/L O",წყალში გახსნილი ჟანგბადის განმსაზღვრავი რეაგენტები
 ქიმიური ჭიქა ფაიფურის 50 მლ  -10ცალიანი შეკვრა,"melting crucible 79 mf medium high form, 50 ml, 6a"
Electrode Cleaning Solution for Regular Maintenance,ელექტროდის გამწმენდი ხსნარი რეგულარული მოვლისთვის
"Free Chlorine DPD Reagent Powder Pillows, 10
mL, pk/100",წყალში თავისუფალი ქლორის განმსაზღვრავი რეაგენტები
დოზატორის დიაფრაგმის ნაკრები,"fisek takimi m vpss alt , fisek takimi m vpss ust"
"HQ4300 Portable Multi-Meter, pH, Conductivity, TDS, Salinity, Dissolved Oxygen (DO), ORP, and ISE, 3 channels, w/o electrodes",პორტატული საველე წყლის ხარისხის მზომი მოწყობილობა
"temperature measuring strips irreversible, 121-127- 132-138-143-149-154-160 °c",ავტოკლავის ინდიკატორი ტემპერატურული კონტორლისთვის
COD cuvette test ,ჟანგბადის ქიმიური მოთხოვნის განმსაზღვრელი ნაკრები
COD standard solution,ჟანგბადის ქიმიური მოთხოვნის განმსაზღვრელი ნაკრები
sterile indicator labels comply™,ავტოკლავის ინდიკატორი ტემპერატურული კონტორლისთვის
"temperature measuring strips irreversible, 77-82-88- 93-99-104-110-116 °c",ავტოკლავის ინდიკატორი ტემპერატურული კონტორლისთვის
"Sulphate Reagent Powder Pillows, 2-70 mg/L SO₄",წყალში სულფატების შემცველობის განმსაზღვრელი ტესტი
COD cuvette test,ჟანგბადის ქიმიური მოთხოვნის განსაზღვირ რეაგენტები
ტუმბოს აქსესუარი(შემსვლელი კოლექტორი),"manifolds inlet pbs2-il m2½"" p1½"" aisi304 vdroo10"
Potassium Chloride Reference Electrolyte Gel Cartridges,კალიუმის ქლორიდის ელექტროლიტური გელის კარტრიჯები
კალციუმის ქლორიდი,"calcium chloride, 500 g≥98 %, dehydrated, powder"
Sension+ ORP/Redox,ჟანგვა-აღდგენითი პოტენციალის სატანდარტული ხსნარი
SENSION+ Standard,ჟანგვა-აღდგენითი პოტენციალის სატანდარტული ხსნარი
Chloride Standard,წყალში ქლორიდების განსაზღვრის სტანდარტული ხსნარი
"Phenols cuvette test 0.05-5.0 mg/L, 24 tests",წყალში ფენოლების შემცველობის განმსაზღვრელი ტესტი
"Electrode Cleaning Solution for Regular Maintenance, 500 mL",ელექტროდების წმენდს ხსნარი რეგულარული მოვლისთვის
Stablcal Stabilised Formazine Turbidity Standard,სტაბილიზირებული ფორმაზინის სიმღვრივის სტანდარტი
"ORP buffer solution,",ჟანგვა-აღდგენითი პოტენციალის სტანდარტული ხსნარი
"COD cuvette test,",ჟანგბადის ქიმიური მოთხოვნის განსაზღვრის ნაკრები
"Filling Solution, Reference",კალიუმ ქლორიდის ხსნარი ელექტროდების შემავსებელი
 კაბელის ჰერმეტული შესასვლელი,"cable gland m20x1,5-atex-ii2gd-eex-d-iic-1.4404"
"Phosphonate Reagent 
Set, Powder Pillows, 
0.02-125mg/L PO₄","ფოსფონატის რეაგენტი
კომპლექტი, პუდრის ბალიშები,"
"„ნ-პენტანი, 2.5 ლ, მინის ≥99%, სინთეზისთვის“","""n-pentane, 2.5 l, 
glass≥99 %, for 
synthesis"""
"single-use samplers dispopipette for liquids, sterile, 200 ml, 1000 mm",ერთჯერადი თხევადობის ნიმუშის ამღებები (პიპეტები
ზედაპირული სიჩქარის რადარი,ott svr 100 surface velocity radar (eu-version)
Electrode Cleaning,ელექტროდის წმენდის ხსნარი რეგულარული მოვლისთვის
"Sodium/Potassium Ionic 
Strength Adjustor (ISA) 
Powder Pillows, pk/100","ნატრიუმის/კალიუმის იონური
სიძლიერის რეგულირება "
კალიუმის იოდიტი,"potassium iodide 1
min. 99 %, ph. eur., bp, usp"
TOC cuvette test,საერთო ორგანული ნახშირაბდის განსაზღვრის ნაკრები
Standard solution COD,ჟანგბადის ქიმიური მოთხოვნის  სტანდარტული ხსნარი
"Electrode Cleaning
Solution for Regular
Maintenance, 500 mL",ელექტროდის წმენდის ხსნარი რეგულარული მოვლისთვის
"Fluoride cuvette test 0.1-2.5 mg/L F, 25",წყალში ფტორიდის შემცველობის განმსაზღვრელი ტესტი
"Phosphate (ortho /total) cuvette test 2.0 -20.0 mg/L PO₄-P, 25 tests",წყალში ფოსფატის შემცველობის განმსაზღვრელი ტესტი
"Aluminium Reagent Set, Powder Pillows, 0.008-0.800mg/L Al","ალუმინის რეაგენტების ნაკრები, ფხვნილის ბალიშები"
TOC (Purging Method) TNT,საერთო ორგანული ნახშირბადის განსაზღვრის ნაკრები
TOC (Purging Method),საერთო ორგანული ნახშირბადის განსაზღვრის ნაკრები
spare bulb ir,წყლის სიმღვრივის მოწყობილობის სათადარიგო ნათურა
Certified Buffer,ბუფერული ხსნარი წყლის მჟავიანობის განსასაზღვრად
"
Buffer Solution Kit, Colour-coded, pH 4.01, pH 7.00 and pH 10.01, 500 mL",ფერებით კოდირებული ბუფერული ხსნარების ნაკრები:
პიპეტის წვერები,"pipette tips sapphire 10 μl, bag, 1000 unit(s)"
"or 16x2,85 epdm 70sh a
wras","ო-რგოლი 16x2.85, EPDM 70SH A, WRAS სერთიფიკატი"
ბრმა სახრახნისი (პლაგი),"blind plug-m20x1,5-atex-ii2gd-eex-d-iic-1.4404"
"COD standard solution, 1000 mg/L O₂ (NIST), 200 mL",ჟანგბადის ქიმიური მოთხოვნის სტანდარტული ხსნარი
დახურული საცობი,"blind plug-m20x1,5-atex-ii2gd-eex-d-iic-1.4404"
"Sodium hydroxide standard solution, 0.100 N (N/10), 1 L",ნატრიუმის ჰიდროქსიდის სტანდარტული ხსნარი 0.1 N
"Laton Total Nitrogen cuvette test 5-40 mg/L TN, 25 tests",წყალში საერთო აზოტის განმსაზღვრავი რეაგენტები
Dissolved Oxygen,გახსნილი ჟანგბადის რეაგენტის Accuvac ამპულები
"BOD Seed Inoculum,",ჟბმ (ჟანგბადის ბიოლოგიური მოხმარება) რეაგენტი
"Chlorine, total, Reagent Powder Pillows, 100/pk, 10 mL",წყალში ქლორის შემცველობის განმსაზღვრელი ტესტი
cal. kit tur 1050/60 0.02/10/,წყლის სიმღვრივის საკალიბრო კიუვეტების ნაკრები
calibration set - trübungsstandard 500m,წყლის სიმღვრივის საკალიბრო კიუვეტების ნაკრები
measuring cuvette for ultrasonic cleaning,წყლის სიმღვრივის საკალიბრო კიუვეტების ნაკრები
"Stablcal Stabilised Formazine Turbidity Standard, 20 NTU, 100 mL",სტაბილიზებული ფორზამინის ტურბიდობის სტანდარტი
"Silica Reagent Set, Bulk Solution, 3-1000 µg/L SiO₂",რეაგენტი დაბ.კონც. სილიციუმის განსაზღვრისთვის
"Silica Reagent Set, 1-100 mg/L SiO₂",რეაგენტი მაღ.კონც. სილიციუმის განსაზღვრისთვის
"Stablcal Stabilised Formazine Turbidity Standard, ˂0.1 NTU, 100 mL",სტაბილიზებული ფორზამინის ტურბიდობის სტანდარტი
"Sample Cell: 1"" Square Glass 10 mL matched pair", მინის ნიმუშის უჯრედი 10 მლ შესაბამისი წყვილი
"Phosphate (Ortho/Total) cuvette test 0.05-1.5 mg/L PO₄-P, 25 tests",ფოსფატის (ორთო/სულ) განსაზღვრის კუვეტის ტესტი
კოვზი სპატულები ბრტყელი სახელურით,"spoon spatulas with flat handle, 30 mm, 210 m"
"Dissolved Oxygen
Reagent Accuvac
Ampules, 0.3-15.0 mg/L
O₂",გახსნილი ჟანგბადის რეაგენტის Accuvac ამპულები
ბრტყელი ანტენის ფიქსაცია,flat antenna 4g/3g/2g fix mounting 1m sma (m)
"Reducing Solution, ORP Electrodes
",წყალში ჟაპ-ის შესაცირებელი სტანდარტული ხსნარი
"Polyvinyl alcohol dispersing agent, SCDB, 50 mL",პოლივინილ ალკოჰოლის გამანაწილებელი საშუალება
საკალიბრაციო ტაბლეტები ოქსიტოპის აპარატისთვის,WTW 209333 OxiTop® PM 10 Calibration Tablets
"Filling Solution, Reference, 3 M KCl with AgCl, 28 mL",ელექტროდის შემავსებელი ხსნარი KCl AgCl-ერთად
"Dissolved Oxygen Reagent Accuvac Ampules, 6-800 µg/L O₂",დაშლილი ჟანგბადის რეაგენტის Accuvac ამპულები
Quality control,წყლის სიხისტის განსაზღვრის სტანდარტული ტესტი
Applied Membranes Inc. Silt Density Index Water-Testing Kit,"ლამის ინდექსის ტესტი, წყლის ლაბორატორიისთვის"
Special ventilation JUNG,მილზე დასამაგრებელი სავენტილაციო მოწყობილობა
Intellical ISENA381,ინტელექტუალური ნატრიუმის შერჩევითი ელექტროდი
"Sampling bag, sterile 
with dechlorinating 
agent, 100 mL, 100 
pcs","ნიმუშების ტომარა, სტერილური დექლორირებისთვის"
" Intellical ISENA381 
Sodium (Na⁺) Ion 
Selective Electrode 
(ISE), 1 m cable",ინტელექტუალური ნატრიუმის შერჩევითი ელექტროდი
"Silver nitrate digital titrator cartridge, 1.128 N, 1 piece",ვერცხლის ნიტრატის ციფრული ტიტრატორი კარტრიჯი
Thermostat cabinet for BOD Direct Plus,თერმოსტატური კაბინეტი BOD Direct Plus-სთვის.
Mercuric thiocyanate solution,ვერცხლისწყლის თიოციანატის სტანდარტული ხსნარი
აურინის ტრიკარბოქსილის მჟავას ამონიუმის მარილი,"aurin tricarboxylic acid ammonium salt, 10 g"
sample spatula steriplast® without lid,"სტერილური ნიმუშის სპატულა, სახურავის გარეშე"
Intellical PHC725 Laboratory Low Ionic Strength Media RedRod Refillable Glass pH Electrode with Calibration and Maintenance Reagents Pack,ნაკრები: ელექტროდი და სტანდარტული ხსნარები 
DR/Check Absorbance Standard Kit,DR/შემოწმების შთანთქმის სტანდარტული ნაკრები
"Sulfuric acid cartridge for digital titrator, 0.1600 N",გოგირდის მჟავას კარტრიჯი ციფრული ტიტრისთვის
ძლიერი საწყლოს ბუი,rugged buoy (does not include marine light)
"Laton Total Nitrogen cuvette test 100-250 mg/L TN, 25 tests",სრული აზოტი (Total Nitrogen) კიუვეტის ტესტი
"Total Nitrogen Reagent B Powder Pillows, pk/50","სრული აზოტის რეაგენტის B ფხვნილის პაკეტები,"
sensofit imm 2000,წყლის სიმღვრივის მზომი ინსტრუმენტის სამაგრი
Citric Acid Reagent Powder Pillows,ციტრინის მჟავის რეაგენტის ფხვნილის ბალიშები
Phosphate (Ortho,წყალში ფოსფატების შემცველობის ტესტ რეაგენტი
"Water Hardness cuvette test 1-20 °dH, 25 tests",წყლის სიხისტის განმსაზღვრელი კიუვეტის-ტესტი
"optisonic 3400 c, dn 250 pn 25",ულტრაბგერითი დინების გაზომვის ინსტრუმენტები
"Magnesium cuvette test 0.5-50 mg/L Mg, 25 tests",წყალში მაგნიუმის განსაზღვრის ტესტ-კიუვეტები
Sulphate cuvette test,წყალში სულფატების შემცველობის ტესტ რეაგენტი
"Silica Reagent Set,",სილიციუმის განმსაზღვერი რეაგენტების ნაკრები
"HQ1110 Portable pH/ORP/mV Meter with Gel pH Electrode PHC201, 1 m Cable","HQ1110 პორტატული pH მეტრი, PHC201 ელექტროდი"
"Intellical MTC101 Field Low Maintenance Gel Filled ORP/RedOx Electrode, 5 m Cable","საველე გამოყენების დაბალი მოვლის, ელექტროდი"
კალიუმის იოდატი,"potassium iodate, 
100 g ≥99 %, extra 
pure"
ნატრიუმის ოქსალატი,"di-sodium oxalate, 500 g ≥99,5 %, p.a., acs"
Set of StablCal primary calibration standards,პირველადი კალიბრაციის სტანდარტების ნაკრები
"Sension+ PH3 Laboratory pH and ORP Meter with Electrode Stand, Magnetic Stirrer and Accessories with pH Electrode for General Applications",ლაბორატორიული წყლის მჟავური ბალანსის მზომი
"Laton Total Nitrogen cuvette test 1-16 mg/L TN, 25 tests",საერთო აზოტის განმსაზღვრელი ტესტ-კიუვეტები
"Laton Total Nitrogen cuvette test 20-100 mg/L TN, 25 tests",საერთო აზოტის განმსაზღვრელი ტესტ-კიუვეტები
"Set of StablCal primary calibration standards (20, 100, 800 FNU), 10 FNU",პირველადი კალიბრაციის სტანდარტების ნაკრები
"ნატრიუმის სალიცილატი,","sodium salicylate, 500 g ≥98 %, extra pure"
Alkaline Cyanide Reagent Solution,ტუტე ციანიდის რეაგენტის სტანდარტული ხსნარი
საწყლოს ბუის აქსესუარი,solar marine light - rugged buoy accessory
Aqua TROLL წყლის ჟანგბადის სენსორი,aqua troll rdo sensor (includes rdo-x cap)
"Sulphate Reagent Powder Pillows, 2-70 mg/L SO",წყალში სულფატების განმსაზღვრავი რეაგენტები
"Phosphonate Reagent Set,",ფოსფატის განმსაზღვრელი რეაგენტების ნაკრები
"Singlet Single-use Conductivity Standard Solution, 1413 µS/cm, KCl, 20 mL",გამტარიანობის სტანდარტული ხსნარის კილიტები
"Small Plastic Lens, Replacement, 2100N/2100AN Turbidimeter","ლინზა, სათადარიგო ნაწილი ტურბიდიმეტრისთვის"
"Phenols cuvette test 0.05-5.0 mg/L, 24 tests
",წყალში ფენოლის განსაზღვირის ტესტ-კიუვეტები
Manganese reagent set 0.2-5 mg/L / 0.02-1.0 mg/L Mn,წყალში მანგანუმის განსაზღვრის ტესტ-კიუვეტა
"Chloride cuvette test 1-70 mg/L / 70-1000 mg/L Cl, 24 tests",წყალში ქლორიდების განმსაზღვრავი რეაგენტები
ნატრიუმის სალიცილატი,"sodium salicylate, 500 g ≥98 %, extra pure"
Aqua TROLL სენსორი ტემპერატურისა და გამტარიანობის (ელექტროლიტური კონდუქტივობის) მისაღებად,aqua troll temperature/conductivity sensor
მოდემი,4g/3g/2g modem din rail rs232 incl. cable
"Chlorine, total, Reagent","ქლორი, სრული, რეაგენტის ფხვნილის ბალიშები"
Phenyl phosphate disodium salt hydrate,ფენილფოსფატის დინატრიუმის მარილის ჰიდრატი
"Amino Acid F reagent solution, 100 mL","ამინო მჟავების F რეაგენტის ხსნარი, 100 მლ"
Basic kit for intermediate maintenance for 6110 V3,მომსახურების ნაკრები ჯანგბადის მზომისთვის
Basic kit for annual maintenance for 6110 V3,მომსახურების ნაკრები ჯანგბადის მზომისთვის
ანტიფაუუინგი შეზღუდვის მილი Aqua TROLL 700/800 სონდისთვის,aqua troll 700/800 antifouling restrictor
თერმოიგრომეტრი testo 622 ბარომეტრით,thermohygrometer testo 622 with barometer
"Chlorine, total, Reagent
Powder Pillows, 100/pk,
10 mL","ქლორი, სრული, რეაგენტის ფხვნილის ბალიშები"
Consumables kit for 6110 V3,მომსახურების ნაკრები ჯანგბადის მზომისთვის
"Stablcal Stabilised Formazine Turbidity Standard, ˂0.1 NTU, 500 mL",სტაბილური ფორმაზინის ტურბიდობის სტანდარტი
"Anionic Surfactants, cuvette test 0.1 - 4.0 mg/L, 25 tests",ანიონური ზედაპირულად აქტიური ნივთიერებები
"Stablcal Stabilised Formazine Turbidity Standard, 20 NTU, 500 mL",სტაბილური ფორმაზინის ტურბიდობის სტანდარტი
"Chloride Reagent Set,","ქლორიდის განსაზღვრის რეაგენტების ნაკრები,"
"დაბალი ფორმის, 2000 მლ ზომის ჭიქა","beaker rotilabo®
simax low form, 2000
ml"
"Sulphide cuvette test 0.1-2.0 mg/L S2-, 25 tests",ფსულფიდების განმსაზღვრელი ტესტ-კიუვეტები
ტუმბოს აქსესუარი სადგამი,base frame 820x350x60 xboost2 vdroo32-90
"fume hood for washing dishes and equipment, master 1500x860x2300, 1 sink",გამწოვი ჭურჭლისა და ტექნიკის რეცხვისთვის
"Hardness (Calcium) Reagent Set, HR, Digital Titrator",სიხისტის (კალციუმის) რეაგენტების ნაკრები
Free Chlorine DPD Reagent Powder Pillows,თავისუფალი ქლორის განმსაზღვრელი რეაგენტი
Porphyrin 1 Reagent Powder Pillows,"პორფირინის 1 რეაგენტი, ფხვნილის ბალიშები"
ცვეთად რგოლების კომპლექტი,"wear rings kit 475. including: 276, 277."
cyanide reagent test 585 nm,ციანიდის განმსაზღვრელი რეაქტივის ნაკრები
Singlet Single-use Conductivity Standard Solution,Stablcal amp’ulis k’alibratsiis nak’rebi
Solenoid valve for needle extension,სოლენოიდური ვალვო ნემსის გაფართოებისთვის
Porphyrin 2 Reagent Powder Pillows,პორფირინი 2 რეაგენტის ფხვნილის ბალიშები.
StablCal® Calibration Set,სიმღვრივის აპარატის საკალიბრაციო ნაკრები
KTO: STABLCAL KIT,სიმღვრივის აპარატის საკალიბრაციო ნაკრები
Conductivity,ელექტრო გამტარიანობის სტანდარტული ხსნარი
"phosphorus pentoxide 1
min. 99 %, powdered","ფოსფორის პენტოქსიდი 1, მინ. 99%, ფხვნილი"
Type 3725 Electropneumatic Positioner,ელექტროპნევმატური პოზიციის განმსაზღვრელი
"უნივერსალური, რეზინის მსხალი",pipetting ball rotilabo® universal model
წყლის დონის მრიცხველი,optisound 3020 c 55khz ultrasonic sensor
"HQ4200 Portable Multi-Meter, pH, Conductivity, TDS, Salinity, Dissolved Oxygen (DO), ORP, and ISE, 2 channels, w/o electrodes",HQ4200 მობილური მრავალპარამეტრიანი მეტრი
DR3900 Spectrophotometer without RFID* Technology,სპექტრაფოტომეტრი RFID ტექნოლოგიის გარეშე
"Laton Total Nitrogen cuvette test 5-40 mg /L TN, 25 tests",წყალში აზოტის შემცველობის ტესტ რეაგენტი
Titration Application Pack Food & Beverage,ავტომატური ტიტრატორის ნაწილების ნაკრები
"Nitrate cuvette test 5-35 mg/L NO₃-N, 25 tests",ნიტრატების განმსაზღვრელი ტესტ-კიუვეტები
"Oxygen Scavenger Reagent Set,",ჟანგბადის გამწმენდი რეაგენტების ნაკრები
"Iron cuvette test 0.2- 6.0 mg/L Fe, 25 tests",წყალში რკინის შემცველობის ტესტ რეაგენტი
" Oxygen Scavenger 
Reagent Set, 3-450µg/L 
DEHA","ჟანგბადის გამწმენდი
რეაგენტების ნაკრები"
ტუმბოს აქსესუარი(სადგამი),base frame 660x290x46 xboost2 vdroo1-20
"ინდიკატორი ტუტე ცისფერი, 6B","alkali blue 6b (c.i. 42765), 100 g p.a."
"სახამებელი კარტოფილიდან, ხსნადი ","starch from potato, soluble 1
p.a., acs"
optimass mfs 7000 80t,წონასწორობის ან მასის გაზომვის სისტემის
"Nitrate cuvette test 0.23-13.5 mg/L NO₃-N, 25 tests",ნიტრატების განმსაზღვრელი ტესტ-კიუვეტები
"Nitrite cuvette test 0.015- 0.6 mg/L NO₂-N, 25 tests",ნიტრიტების განმსაზღვრელი ტესტ-კიუვეტები
3725 sc Digital inductive conductivity sensor,  ციფრული ინდუქციური გამტარობის სენსორი
"Digital titrator cartridge, sulfuric acid, 1.600 N, 1 piece","ციფრული ტიტრატორი კარტრიჯი, გოგირდმჟავა"
"Boron cuvette test 0.05-2.5 mg/L B, 25 tests",ნიტრატების განმსაზღვრელი ტესტ-კიუვეტები
"Sension+ platinum ORP/RedOx electrode 5261, screw cap S7.","პლატინის ელექტოდი, ხრახნიანი თავსახურით"
"Chromium (III and VI) cuvette test 0.03-1.0 mg/L Cr, 25 tests",წყალში ქრომის შემცველობის ტესტ რეაგენტი
Ammonia Reagent Set,ამიაკის განსაზღვრის რეაგენტების ნაკრები
Mercury(II) nitrate monohydrate,ვერცხლისწყლის (ii) ნიტრატის მონოჰიდრატი
Automatic Self-Cleaning Filter,"ფილტრი, მექანიკური, თვითრეცხვის რეჟიმით"
"Phosphate (ortho/total) cuvette test 2.0 -20.0 mg/L PO₄-P, 25 tests",ფოსფატების განმსაზღვრელი ტესტ-კიუვეტები
"Digital extension cable for SC sensors, 10m",ციფრული გრძელი კაბელი SC სენსორებისთვის
"Iron standard solution 100.0 mg/L Fe (NIST), 100 mL",ზუსტი კონცენტრაციის მქონე რკინის ხსნარი
"Phosphate Ortho/Total cuvette test 0.5-5.0 mg/L PO₄-P, 25 tests",ფოსფატების განმსაზღვრელი ტესტ-კიუვეტები
"Ammonium cuvette test 0.015-2.0 mg/L NH₄-N, 25 tests",ამონიუმის განმსაზღვრელი ტესტ-კიუვეტები
გამაცხელებელი და მაგნიტური შემრევი,heating and magnetic stirrer shp-200-c
"Chlorine, total, Reagent Powder Pillows, 100
/pk, 10 mL",წყალში ქლორის განმსაზღვრავი რეაგენტები
"COD cuvette test 5-60 mg/L O₂, 25 tests
",წყალში ჟქმ განსაზღვირის ტესტ-კიუვეტები
ammonia no.1 tablets bt,ამონიუმის განმსაზღვრელი რეაქტივი -T- 1
020010491xg16010037,OPTICHECK    Master V4+Case+Tablet    
Molybdate Reagent Powder Pillows,მოლიბდატის რეაგენტის ფხვნილის ბალიშები
"Ammonium cuvette test 47-130 mg/L NH₄-N, 25 tests",ამონიუმის განმსაზღვრელი ტესტ-კიუვეტები
"Ammonium cuvette test 2.0-47.0 mg/L NH₄-N, 25 tests",ამონიუმის განმსაზღვრელი ტესტ-კიუვეტები
"Quality control standard hardness, low range, 500 mL",ხარისხის კონტროლის სტანდარტული სიხისტე
"Ammonium cuvette test 1.0-12.0 mg/L NH₄-N, 25 tests",ამონიუმის განმსაზღვრელი ტესტ-კიუვეტები
სტანდარტული ხსნარი,"scandium icp standard solution, 100 ml"
უნივერსალური თერმომეტრი,"all-purpose thermometer, -30 to +50 °c"
"Magnesium cuvette test 0.5-50 mg/L Mg,",მაგნიუმის განმსაზღვრელი ტესტ-კიუვეტები
ელექტრონული ბარათი,electric card - for star valve alfa 30
"COD cuvette test 50-300 mg/L O₂, 25 tests
",წყალში ჟქმ განსაზღვირის ტესტ-კიუვეტები
"Iron cuvette test 0.2-6.0 mg/L Fe, 25 tests",წყალში რკინის განმსაზღვრავი რეაგენტები
"SENSION+ 3x50 mL printed flasks for benchtop pH meter calibration, EU",ხსნარის მარკირებული პლასტმასის ჭიქები
Phosphate Ortho/Total,ფოსფატის (ორთო/მთლიანი) კუვეტის ტესტი
"Chloride Low Range Test Kit, Model 8-P","ქლორიდის დაბალი დიაპაზონის ტესტ კიტი,"
Molybdovanadate Reagent Solution,მოლიბდოვანადატის განსაზღვრის რეაგენტი
ammonia no. 2 - tablet reagents,ამონიუმის განმსაზღვრელი რეაქტივი -T-2
Phosphate (ortho/total),ფოსფატის (ორთო/მთლიანი) კუვეტის ტესტი
კონტროლერი და ელექტროდი,control 42 with ph and orp electrodes
SENSION+ 3x50 mL printed flasks for benchtop conductivity calibration,ხსნარის მარკირებული პლასტმასის ჭიქები
Chloride cuvette test,ქლორიდების განმსაზღვრელი ტესტ კიუვეტა
"Dissolved Oxygen Reagent Accuvac Ampules, 0.3-15.0 mg/L O₂",გახსნილი ჟანგბადის რეაგენტის ამპულები
"Singlet Single-Use pH Buffer, pH 7.00, pk/20",ერთჯერადი გამოყენების ბუფერული ხსნარი
"Singlet Single-Use pH Buffer, pH 10.01, pk/20",ერთჯერადი გამოყენების ბუფერული ხსნარი
"Phosphate (Ortho /Total) cuvette test 0.05-1.5 mg/L PO₄-P, 25 tests",ფოსტაბის განმსაზღვრელი ტესტ-კიუვეტები
Phosphate (Ortho/Total) cuvette test,საერთო პოსფატების განსაზღვრის ნაკრები
"Phosphate (ortho/total)
cuvette test 2.0 -20.0
mg/L PO₄-P, 25 tests",ფოსფატის (ორთო/მთლიანი) კუვეტის ტესტი
"Aluminum cuvette test 0.02-0.5 mg/L Al, 24 tests",ალიმინის განმსაზღვრელი ტესტ-კიუვეტები
"heating and magnetic stirrers arec 7 series arec 7 digital model, complete set from velp",გათბობის და მაგნიტური მორევის აპარატი
ელექტრო აქტივატორი,"electric actuator ltr43-2 dn150, pn16"
მართვის პანელი,gpg 900 step screen control panel plc
ვერცხლის ნიტრატი,"silver nitrate, 10 g ≥98 %, technical"
"CuVer 1 Copper Reagent Powder Pillows, 0.04-5.00mg/L Cu, pk/100",სპილენძის რეაგენტის ფხვნილის ბალიშები
Phosphate (Ortho/Total),ფოსფატის (ორთო/მთლიანი) კუვეტის ტესტი
"Polyvinyl alcohol 
dispersing agent, SCDB, 
50 mL","პოლივინილის სპირტი
დისპერსიული აგენტი"
"Nickel trace cuvette test 0.05-1.0 mg/L Ni, 20 tests",ნიცკელის განმსაზღვრელი ტესტ-კიუვეტები
Acid Reagent Powder Pillows for HR Silica,მჟავოვანი რეაგენტის ფხვნილის ბალიშები
"Phosphate (Ortho/Total)
cuvette test 0.05-1.5
mg/L PO₄-P, 25 tests",ფოსფატის (ორთო/მთლიანი) კუვეტის ტესტი
"Phosphate Ortho/Total
cuvette test 0.5-5.0 mg
/L PO₄-P, 25 tests",ფოსფატის (ორთო/მთლიანი) კუვეტის ტესტი
"Nickel trace cuvette test 0.05-1.0 mg/L Ni,",ნიცკელის განმსაზღვრელი ტესტ-კიუვეტები
Solitax t-line sc with wiper,Solitax t-line sc საწმენდი მექანიზმით
"Free Chlorine Reagent Powder Pillows, DPD (pk/100)",წყალში ქლორის განსაზღვრის რეაგენტები
Addista Multi parameter standard solution LCA700,Addista მრავალპარამეტრიანი სტანდარტი
Addista Multi parameter standard solution LCA704,Addista მრავალპარამეტრიანი სტანდარტი
Addista Multi parameter standard solution LCA703,Addista მრავალპარამეტრიანი სტანდარტი
Addista Multi parameter standard solution LCA705,Addista მრავალპარამეტრიანი სტანდარტი
Addista Multi parameter standard solution LCA709,Addista მრავალპარამეტრიანი სტანდარტი
cr-07 roti®star,ICP Multi-Element Standard Solution 
Addista Multi parameter standard solution LCA708,Addista მრავალპარამეტრიანი სტანდარტი
Cobalt / Nickel Reagent Set,კობალტის/ნიკელის რეაგენტების ნაკრები
cr-08 roti®star,ICP Multi-Element Standard Solution 
cr-10 roti®star,ICP Multi-Element Standard Solution 
cr-09 roti®star,ICP Multi-Element Standard Solution 
NitriVer 3 Nitrite Reagent Powder Pillows,ნიტრიტის რეაგენტის ფხვნილის ბალიშები
"Nitrate Reagent Powder Pillows, 0.3-30mg/L NO₃-N",ნიტრატის რეაგენტის ფხვნილის ბალიშები
"silver nitrate solution, 1 l",ვერცხლის ნიტრატის სტანდარტული ხსნარი
"Reagent Set, Powder Pillows, 0.002-0.240 mg/L CN","რეაგენტის ნაკრები, ფხვნილის ბალიშები"
Laton Total Nitrogen,ლატონის მთლიანი აზოტის კუვეტის ტესტი
"Laton Total Nitrogen
cuvette test 5-40 mg/L
TN, 25 tests",ლატონის მთლიანი აზოტის კუვეტის ტესტი
"Manganese Reagent Set, PAN, 0.006-0.700mg/L Mn",წყალში მანგანუმის აღმომჩენი რეაგენტი
Water Hardness,წყლის სიხისტის განმსაზღვრელი ნაკრები
"Laton Total Nitrogen
cuvette test 1-16 mg/L
TN, 25 tests",ლატონის მთლიანი აზოტის კუვეტის ტესტი
"Laton Total Nitrogen
cuvette test 20-100 mg
/L TN, 25 tests",ლატონის მთლიანი აზოტის კუვეტის ტესტი
"Nitrite Reagent Powder Pillows, 2-250 mg/L NO₂",ნიტრიტის რეაგენტის ფხვნილის ბალიშები
thermohygrometer testo 622 with barometer,თერმოჰიგრომეტრი testo 622 ბარომეტრით
"narrow mouth bottle aluminium with un approval, 500 ml","ალუმინის ბოთლი, ვიწრო ყელით, 500 მლ"
Laton Total Nitrogen cuvette test,საერთო აზოტის განმსაზღვრელი ნაკრები
Phosphate Reagent Powder Pillows 0.02-2.50mg/L PO₄,ფოსფატების განმსაზღვრელი რეაგენტები
"Chloride Reagent Set, 0.1-25.0 mg/L Cl⁻",ქლორიდების განმსაზღვრელი რეაგენტები
"Iron Reagent Powder Pillows, 0.02-3.00 mg/L Fe","რკინის რეაგენტის ფხვნილის ბალიშები,"
"Sample cell, 10 mm
square Quartz glass, 1
pcs",კვადრატული მინის საჩვენებელი უჯრედი
"Zinc cuvette test 0.2-6.0 mg/L Zn, 24 tests",ცინკის განმსაზღვრელი ტესტ-კიუვეტები
"Sample cell, 10 mm
rectangular, glass, pk/3",მართკუთხედი მინის საჩვენებელიუჯრედი
"Fluoride cuvette test 0.1-2.5 mg/L F, 25 tests",ფტორის განმსაზღვრელი ტესტ-კიუვეტები
"5500sc Silica Analyzer, 6 Channels, Reagents","სილიციუმის ანალიზატორი, რეაგენტების"
Sulphate Reagent,სულფატების განმსაზღვრელი რეაგენტები
"Iron color disc test kit, model IR-18B","რკინის (Fe) ფერის დისკით ტესტ კიტი,"
"Zinc cuvette test 0.2 6.0 mg/L Zn, 24 tests",ცინკის განმსაზღვრელი ტესტ-კიუვეტები
chloride t1 tablets bt,ქლორიდის განმსაზღვრელი რეაქტივი T-1
chloride t2 - tablet reagents,ქლორიდის განმსაზღვრელი რეაქტივი T-2
"Tube rack, MPN, stainless, use in portable incubator",უჟანგავი მასალის კიუვეტების სადგამი
"Nitrate Reagent Powder Pillows, 0.3 30mg/L NO₃-N",ნიტრატების განმსაზღვრელი რეაგენტები
"Phosphate (ortho/total) cuvette test 10-100 mg/L PO₄-P, 25 tests",ფოსფატი (ორთო/სრული) კიუვეტის ტესტი
"Sample cell, 10 mm",კვადრატული მინის საჩვენებელი უჯრედი
Ascorbic Acid Reagent Powder Pillows,ასკორბინის მჟავას ფხვნილის პაკეტები
"Anionic Surfactants, cuvette test 0.05-2.0 mg/L, 25 test",ანიონური სფერთანციფიკატორების ტესტი
"Installation armature, inline fitting, stainless steel, for Solitax inline sc and Solitax highline sc"," უჟანგავი ფოლადის სენსორის სამაგრი
"
დოზირების ერთეული,inj.unit 0300-10 pvc/v/c 4u3-30/120
"Test strips total hardness, 0-425 mg/L","ტესტ-ქაღალდი, საერთო სიხისტის მზომი"
"Nitrite cuvette test 0.015–0.6 mg/L NO₂-N, 25 tests","ნიტრიტის ტესტი, აზოტის შემცველობით"
"icp multi-element standard solution (28 elements, 100 mg/l)",მულტიელემენტური სტანდარტული ხსნარი
"Stablcal Turbidity Standards Calibration Kit, 0 - 4000 NTU",ტურბიდულობის კალიბრაციის კომპლექტი
"Natural Water Standard Solution, 1000 ppm Total Dissolved Solids (TDS), 500 mL",ბუნებრივი წყლის სტანდარტული ხსნარი
"Test kit, alkalinity, model AL-TA","ტესტ კიტი ტუტე რეაქციისთვის AL-AP,"
Basic kit for annual maintenance fo,ძირითადი ნაკრები წლიური მოვლისთვის
სერთიფიკატები მშენებლობა და დიზაინი,certificates construction & design
Molybdovanadate Reagent Solution (100 mL MDB),მოლიბდოვანადატის რეაგენტის ხსნარი 
Antifoam pump upgrade kit for 6110,ქაფის საწინააღმდეგო ტუმბოს ნაკრები
Antifoam recharge bottle 1L,ქაფის საწინააღმდეგო სითხე 1ლ ბოთლი
"Hardness (Total) Reagent Set, HR, Digital Titrator",სიხისტის (სულ) რეაგენტების ნაკრები
Sulphate Reagent Powder Pillows,სულფატების განმსაზღვრელი რეაგენტის
"ლაბორატორიული სკამი საზურგით, შავი","ლაბორატორიული სკამი საზურგით, შავი"
"Chromium Reagent Powder Pillows, 0.010-0.700mg/L Cr (VI)",ქრომის რეაგენტის ფხვნილის ბალიშები
Replacement halogen bulb for DR2700/DR2800/DR3800/Lico 500,სპექტროფოტომეტრის ჰაოგენის ნათურა
"Mineral stabiliser solution, 50 mL, SCDB",მინერალების სტაბილიზატორის ხსნარი
ქიმიური ჭიქა 250- 10ცალიანი შეკვრა,"beaker rotilabo® low form, 250 ml"
Phosphate Reagent Powder Pillows,ფოსფატების განმსაზღვრელი რეაგენტი
"Boron Reagent Powder Pillows, 0.2-14.0mg/L
B",ბორის რეაგენტის ფხვნილის ბალიშები
"Nessler Reagent Solution, 500mL","ნესლერის რეაგენტის ხსნარი, 500 მლ"
"Phosphate Reagent 
Powder Pillows 0.02
2.50mg/L PO₄","ფოსფატის რეაგენტი
პუდრის ბალიშები"
"Molybdovanadate 
Reagent Solution (100 
mL MDB)","მოლიბდოვანადატი
რეაგენტის ხსნარი "
" Free Chlorine Reagent 
Powder Pillows, DPD (pk
 /100)","ქლორის რეაგენტი
ფხვნილის ბალიშები"
pipette tip box rotilabo® for 1000 µl pipette tips,ყუთი 1000 µლ პიპეტის წვერებისთვის
"SC4500 Controller, Prognosys, LAN + Modbus RS, 2 digital Sensors, 100-240 VAC, without power cord","კონტროლერი,ციფრული სენსორებისთვის"
small centrifuge cd-0412-50,მინი-ცენტრიფუგა მცირე ტუბებისთვის
სელულარული ანტენა,vulink 4g/lte/2g cellular antenna
"HydraVer2 Hydrazine reagent solution, 4 - 600 µg/L, 100 mL",ჰიდრაზინის განმსაზრვრელი რეაგენტი
"Boron Reagent Powder Pillows, 0.2-14.0mg/L",ბორის რეაგენტის ფხვნილის ბალიშები
" დაბალი ფორმის, 100 მლ. ზომის ჭიქა","beaker rotilabo® low form, 100 ml"
"დაბალი ფორმის, 600 მლ ზომის ჭიქა","beaker rotilabo® low form, 600 ml"
"ქიმიური ჭიქა  ფაიფურის, 620 მლ","beaker rotilabo® low form, 620 ml"
"Fixed volume, Micropipette, 100 µl",ფიქსირებული მოცულობის მიკროპიპეტი
PhosVer 3 Phosphate Reagent Powder Pillows 0.02-2.50mg/L PO₄,ფოსფატების განმსაზღვრელი რეაგენტი
Protective Cover Replacement, ადაპტერის დამცავი გადასაფარებელი
ელექტრო სარქველის ძრავა,motor 6w - for star valve alfa 30
კაბელის შესაყვანი,"cable gland cg-m20x1,5-1.4404--0"
"Conductivity Standard Solution, 1413 µS/cm, KCl, 250 mL",გამტარებლობის სტანდარტული ხსნარი
Interne Ausgangskarte analog,შიდა ანალოგური გამომავალი ბარათი
"Reagent solution, amino acid F",ამინომჟავის განსაზღვრის რეაგენტი
Singlet Single-use,გამტარიანობის სტანდარტული ხსნარი
Nitrite cuvette test,ნიტრიტების განმსაზღვრელი ნაკრები
"precision balance pioneer® series internal calibration, legal for trade ec type approved, 320 g, 0.001 gfrom ohaus", Pioneer® სერიის შიდა კალიბრაცია
"vacuum filtration unit duran® 47 mm with ground joint, 500 ml",ვაკუუმური ფილტრაციის მოწყობილობა
" FerroZine Iron Reagent 
Solution Pillows, 0.009
1.400mg/L Fe","რკინის რეაგენტი
ხსნარის ბალიშები"
"pH Paper, 0 - 14 pH Range, 100 tests",წყალში pH მზომი - ტესტ ქაღალდები
"მათარა, პლასტმასის, ფართე ყელით ბოთლი","wide mouth bottle, 500 ml, 50 mm"
შპატელების ნაკრები,"spatula set, from roth selection"
Copper Masking Reagent Powder Pillows,სპილენძის განმსაზღვრელი რეაგენტი
სტერილური ინდიკატორის ეტიკეტები,sterile indicator labels comply™
"Copper Reagent Set, 2 - 210 µg/L Cu",სპილენძის განმსაზღვრელი რეაგენტი
Carbonate/carbon dioxide cuvette test,კარბონატების განსაზღვრის ნაკრები
"მათარა, ბოთლი პლასტმასის ფართეყელიანი","wide mouth bottle, 500 ml, 50 mm"
Mineral stabiliser solution,მინერალების სტაბილიზაციის ხსნარი
Nitrate cuvette test,ნიტრატების განმსაზღვრელი ნაკრები
"pipette tips rotilabo® 1000 µl, standard, bag, 500 unit(s), non-sterile, colourless from  roth selection",პიპეტის 1000 µლ უსტერილო წვერები
colony counter cc-200,კოლონიების დამთვლელი მოწყობილობა
"Conductivity Standard Solution, 12.88 mS/cm, KCl, 500 mL",კონდუქტივობის სტანდარტული ხსნარი
Phosphate (ortho/total) cuvette test,ფოსფატების განმსაზღვრელი ნაკრები
"Stablcal Turbidity 
Standards Calibration 
Kit, 0 - 7500 NTU","სტანდარტების კალიბრაცია
ნაკრები"
"single-channel microlitre pipette rotilabo®, 100 to 1000 µl",ერთარხიანი მიკროლიტრიანი პიპეტი
"Sension+ MM340 GLP Laboratory pH and ISE Meter with Electrode Stand, Magnetic
Stirrer and Accessories with Electrode for General Use
",ლაბორატორიული წყლის ანალიზატორი
Ammonia Standard Solution,ამონიუმის განმსაზღვრელი ნაკრები
Magnetic stirring bar,მაგნიტი მაგნიტური სარეველასთვის
"SulfaVer 4 Sulfate Reagent Powder Pillows, 2-70mg/L SO₄",სულფატების განსაზღვრის რეაგენტი
გამწმენდი (lifting) სისტემა,hebefix 200-50 above floor tank
მცირე ზომის რეზერვუარი ტუმბოსთვის,hebefix 200-50 above floor tank
ქიმიკატის დოზირების ტუმბო,dda 12-10 ar-pvc/v/c-f-31i002fg
"Singlet Single-Use pH Buffer, pH 4.01, pk/20",ერთჯერადი გამოყენების pH ბუფერი
vario nitri 3 f10 nitrite pp 0.01 - 0.3 mg/l n,ნიტრიტის განმსაზღვრელი რეაქტივი
"nitrate tube test reagent set, 25 tests",ნიტრატის განმსაზღვრელი რეაქტივი
Ammonium cuvette test,ამონიუმის განმსაზღვრელი ნაკრები
Solenoid valve 3/2 NO w/o-ring,სოლენოიდური ვალვო რგოლის გარეშე
Installation kit for 5500sc Silica/Phosphate analyzers,ანალიზატორის ნაკრები მოვლისთვის
Aqua TROLL სენსორი ქლოროფილ a–ს დასადგენად,aqua troll chlorophyll a sensor
"scandium icp standard solution, 100 ml",სკანდინიუმის სტანდარტული ხსნარი
"pH Electrode Storage Solution, 500 mL",pH ელექტროდების შესანახი ხსნარი
sulfate turbidity - tablet reagents,სულფატის განმსაზღვრელი რეაქტივი
ტუმბოს სამაგრი მილი,fbdn100 hard pipe wf/ wg series
"Snapper, Accuvac",ხელსაწყო  ამპულების გასახსნელად
Quick connector for forcing gas tube,სწრაფი შეერთება გაზის მილისთვის
"Mineral stabiliser 
solution, 50 mL, SCDB","მინერალური სტაბილიზატორი
ხსნარი"
TL23 Series Turbidimeter Lamp Assembly,ტურბიდიმეტრის ნათურის კომპლექტი
პეპელას ტიპის სარქველი,"buttefly valve disc316/epdm 4"""
"Stablcal Turbidity Standard, 200 NTU, 500 mL",სტაბილკალ ტურბიდობის სტანდარტი
"Ammonia Reagent Set, Nessler, 0.02-2.50 mg/L NH₃-N",ამიაკის განმსაზღვრელი რეაგენტი
Cadmium sulfate octahydrate,კადმიუმის სულფატის ოქტაჰიდრატი
"Nitrite cuvette test 0.015- 0.6 mg/L NO₂- N, 25 tests",ნიტრატების განმსაზღვრელი ტესტი
"Iron Reagent Powder Pillows, 0.02-3.00 mg /L Fe",რკინის განსაზღვრელი რეაგენტები
EASYCONTROLLER M20-240,ელექტრონული მართვის კომპონენტი
"Vial Compartment Wiper for TU5300sc and TU5400sc, pk/10",ფლაკონის განყოფილების საწმენდი
Citric acid F reagent solution,ლიმონმჟავას სტანდარტული ხსნარი
"Disposable paper tissues, white, 200 pieces",ერთჯერადი ქაღალდის ხელსახოცები
შემრევის მაგნიტების ნაკრები,magnetic bar set rotilabo® # 2
"Reagent solution, amino acid F, 20 ampules (ultra-low range)",ამინომჟავის სტანდარტული ხსნარი
"Silica Reagent Set, 3
1000 µg/L SiO₂",სილიციუმის რეაგენტების ნაკრები
"Manganese Reagent Set, Powder Pillows, 0.1-20.0mg/L Mn",მაგნიუმის გნმსაზღვრელი ნაკრები
Titration Application Pack Generic Chemistry: Acid/Base,ავტომატური ტიტრატორის პროგრამა
"E. coli and total coliforms, pk/25","კოლიფორმების საერთო რაოდენობა,"
Adapter for BOD direct plus,ადაპტერი  პირდაპირი პლუსისთვის
"Silica Reagent Set, 1
100 mg/L SiO",სილიციუმის რეაგენტების ნაკრები
"Silica Reagent Set, 3",სილიციუმის რეაგენტების ნაკრები
უკუსარქველი სარქველი,check valve f-f 1½” pn16 brass
"Intellical CDC401 Field 4-Poles Graphite Conductivity Cell, 5 m Cable",CDC401 ველური გამტარობის ზონდი
"Molybdenum Reagent Set, 20 mL, LR Molybdenum Reagent Set, 0.02-3.00mg/L Mo",მოლიბდენის რეაგენტების ნაკრები
პეპელა ტიპის სარქველი,"buttefly valve disc316/epdm 4"""
"funnels rotilabo®, 125 mm, suitable for: paper filter ø 185 mm","ძაბრები, ქაღალდის ფილტრისთვის "
"Silica Reagent Set, 1",სილიციუმის რეაგენტების ნაკრები
Solitax inline sc,წყლის სამღვრევის მზომი სენსორი
Molybdate 3 reagent solution,მოლიბდატის სტაბდარტული ხსნარი
"Conductivity Standard Solution, 12.88 mS/cm, KCl, 125 mL",გამტარობის სტანდარტული ხსნარი
Formazin Turbidity Standard,სიმღვრივის სტანდარტული ხსნარი
"Reagent solution, amino 
acid F, 20 ampules 
(ultra-low range","რეაგენტის ხსნარი, ამინო
მჟავა"
COD cuvette test 100-,ქიმიური ჟანგვის ტესტი კუვეტით
"Intellical MTC301 Laboratory General Purpose Refillable ORP/RedOx Electrode, 1 m",ელექტროდი წყალში ჟაპ-ის მზომი
"desiccator base duran® mobilex with gl 32 thread, dn 300, 18.5 l",Mobilex-ის ფუძიანი ექსიკატორი
Nitrate Standard Solution,ნიტრატების სტანდარტული ხსნარი
StablCal solution 200 NTU 100 mL bottle,სიმღვრივის სტანდარტული ხსნარი
Ferric Ion Solution,რკინის იონური სტანტული ხსნარი
COD cuvette test 15-,ქიმიური ჟანგვის ტესტი კუვეტით
სერთიფიკატი,stainless 304 tag plate (rcs)
წყლის მრიცხველის კონტროლერი,mfc 400 (er 2.x.x) 12-24 v dc
Thermistor assembly with O-rings,თერმისტორის აწყობა O-რგოლებით
ZincoVer 5 Zinc Reagent Powder Pillows,თუთიის განმსაზღვრელი რეაგენტი
ელექტრო სარქველი,star alfa 30 electrical valve
ჰიდროციკლონის ფილტრი,hydrocyclone separator filter
წნევის შემცირების სარქველი,41-23 pressure reducing valve
სიგნალის კონვერტორი,mfc 400 (er 2.x.x) 12-24 v dc
"COD cuvette test 15-
150 mg/L O₂, 25 tests",ქიმიური ჟანგვის ტესტი კუვეტით
"Silica Reagent Set,
0.010-1.600 mg/L SiO₂",სილიკატის რეაგენტების ნაკრები
"COD cuvette test 100-
2000 mg/L O₂, 25 tests",ქიმიური ჟანგვის ტესტი კუვეტით
"Nitrate Standard Solution, 100 mg/L, 500 mL",ნიტრატების სტანდარტული ხსნარი
"Sulfide Reagent Set, 5 - 800 µg/L S²⁻",სულფიდური რეაგენტების ნაკრები
"Sulfate Standard Solution, 50 mg/L as SO4 (NIST), 500 mL",სულფატების სტანდარტული ხსნარი
Copper Reagent Set,სპილენძის განსაზღვრის ნაკრები
Secondary Turbidity Standard,სიმღვრივის აპარატის სტანდარტი
"Silica Reagent Set, 3-",სილიკატის რეაგენტების ნაკრები
"Silica Reagent Set, 3-
1000 μg/L SiO₂",სილიკატის რეაგენტების ნაკრები
"Sample Cell: 1"" Square Glass",ნიმუშის ასაღები მინის კიუვეტა
Conductivity Standard Solution,გამტარობის სტანდარტული ხსნარი
"Copper standard solution, 100 mg/L as Cu (NIST), 100 mL",მოლიბდენის სტანდარტული ხსნარი
"Nitrate Reagent Powder Pillows,",ნიტრატის განსაზღვრის რეაგენტი
წყლის მრიცხველი,"optiflux 2050 c, dn 300 pn 16"
მულტიმედიური ფილტრაციის სისტემა,multimedia filtration  system
"Digital extension cable for SC sensors, 30m",ციფრული დამარგძელებელი კაბელი
Sulphate standard solution,სულფატების სტანდარტული ხსნარი
სამონტაჟო კაბელი,installation cable 2x2x0.5mm²
"Free Chlorine Reagent Powder Pillows,",ქლორის განსაზღვრის რეაგენტი 
magnetic bar set rotilabo® # 2,მაგნიტური შემრევის მაგნიტები
vgkl optibar lc 1010,წყალში დონის და წნევის მზომი
"SENSION+ Standard ORP/Redox solution, 220 mV, 250mL",სტანდაარტული რედოქსის ხსნარი
"kit mech seal cs d16
qqeff
vdroo10-15-20",მექანიკური მბეჭდავის ნაკრები
Chemicals for Basic kit for annual,ქიმიკატების ძირითადი ნაკრები
აზოტი,nitrogen (total) 0 - 25 mg/l
"Intellical PHC101 Field Low Maintenance Gel Filled pH Electrode, 10 m Cable",ელექტროდი წყლის ანალიზისთვის
Standard solution,მაგნიუმის სტანდარტული ხსნარი
"kit mech seal cs d22
ubvff
vdroo95",მექანიკური მბეჭდავის ნაკრები
"Chloride Reagent Set, 
0.1-25.0 mg/L Cl⁻",ქლორიდის რეაგენტების ნაკრები
"Water Hardness cuvette test 1-20 ° dH, 25 tests",წყლის სიხისტის ტესტ რეაგენტი
Secondary Turbidity Standard 0.1 NTU,მეორადი სიმღვრივის სტანდარტი
"Intellical MTC101 Field Low Maintenance Gel Filled ORP/RedOx Electrode, 10 m Cable",ელექტროდი წყლის ანალიზისთვის
 LTE ქსელზე მომუშავე მოწყობილობა (კარიბჭე) ,gateway trb141 lte cat 1 i/o
"Deminaraliser bottle, 177 mL",წყლის დემინერალიზატორი ბოთლი
სპექტროფოტომეტრის შეკეთება გერმანიაში,dr6000 service in düsseldorf
აზოტმჟავის ტესტი,nitrogen (total) 0 - 25 mg/l
"kit mech seal cs d16
qqegg
vdroo10-15-20",მექანიკური მბეჭდავის ნაკრები
"Standard solution magnesium, 1000 mg/L as Mg, 100 mL (NIST) Magnesium, hardness, standard solution",მაგნიუმის სტანდარტული ხსნარი
წყლის მრავალპარამეტრიანი საზომი სონდა,"aqua troll 700, non-pressure"
"Nitrate Reagent Set, Powder Pillows, 0.01-0.50 mg/L NO₃-N",ნიტრატის რეაგენტების ნაკრები
სერთიფიკატი KPS,certificate kps / order pos
"cooling bag fold’n cool™, 20 l, outer length: 320 mm",ჩანთა მაცივარი (არაციფრული)
"sulphate ic standard solution, 100 ml",სულფატის სტადნარტული ხსნარი
DR6000 service in Düsseldorf,DR მოწყობილობის მომსახურება
"SENSION+ Multisensor for pH, ORP & conductivity",მრავალსენსორული მოწყობილობა
"Standard solution, aluminum, 100 mg/L as Al (NIST), 100 mL","სტანდარტული ხსნარი, ალუმინი"
"nitrite ic standard solution, 100 ml",ნიტრიტის სტანდარტული ხსნარი
"nitrate ic standard solution, 100 ml",ნიტრატის სტანდარტული ხსანრი
ნედლი ნავთობის სენსორი,aqua troll crude oil sensor
"barium icp standard solution, 100 ml",ბარიუმის სტანდარტული ხსნარი
Aqua TROLL სენსორი ტურბიდობის დასადგენად,aqua troll turbidity sensor
Aluminium standard solution,ალუმინის სტანდარტული ხსნარი
"Standard solution, phosphate, 500 mg/L as PO4 (NIST), pk/16 - 10 mL Voluette ampules","სტანდარტული ხსნარი, ფოსფატი"
"ZoBell's ORP/Redox Standard Solution, 500 mL",რედოქსის სტანდარტული ხსნარი
Dissolved Oxygen Reagent Accuvac Ampules,გახსნილი ჟანგბადის რეაგენტი
"Set, Powder Pillows,","კომპლექტი, პუდრის ბალიშები,"
Ascorbic Acid,ასკორბინის მჟავა რეაგენტის 
transmitted light microscope obn series obn 135 trinocularfrom kern,გამტარი სინათლის მიკროსკოპი
Test Cuvette for TU5 Series,ტესტი კუვეტი TU5 სერიისთვის
Filter KG2,"ფილტრები, სპექტროფოტომეტრის"
"impeller wf ht200
wf100 80-25 11",ვენტილატორის შრე (იმპელერი)
Quality control standard hardness,სიხისტის სტანდარტული ხსნარი
"Glass sample cell for lab turbidimeters, 30 mL, 6 pieces with caps",ლაბორატორიული მინის ჭურჭელი
"pH 7.000 Certified Reference Material CRM Buffer Standard Solution, 500 mL",ბუფერული სტანდარტული ხსნარი
"""Sulphate standard",სულფატის სტანდარტული ხსნარი
COD standard,COD - ის სტანდარტული ხსნარი
ელექტრომაგნიტური ნაკადის სენსორი,"optiflux 4000, dn50, pn 40"
VuLink ლითიუმის ბატარეების ნაკრები,vulink lithium battery set
priox 50-500/11 m aut,ავტომატური წყალქვეშა ტუმბო
FerroZine Iron Reagent Solution Pillows,რკინის განსაღვრის რეაგენტი
"Silica Reagent Set for 5500
sc",სილიკას რეგენტების ნაკრები
Intellical MTC101 Laboratory Low Maintenance Gel Filled ORP/RedOx Electrode,ლაბორატორიული PH ელექტროდი
Intellical CDC401 Laboratory 4-Poles Graphite Conductivity Cell,ლაბორატორიული PH ელექტროდი
Intellical PHC101 Laboratory Low Maintenance Gel Filled pH Electrode,ლაბორატორიული PH ელექტროდი
Chloride cuvette test ,ქლორის განსაზღვრის ნაკრები
"Adapter Set, DR2700, DR2800, DR3800 Spectrophotometers",სპექტროფოტომეტრის ადაპტერი
"DRB 200 Dry thermostat with 2 blocks, 15x16mm, 6x16/4x20mm",მშრალი თერმოსტატი 2 ბლოკით
"Standard Solution, nickel, 1000 mg/L as Ni (NIST), 100 mL","სტანდარტული ხსნარი, ნიკელი"
potassium dichromate solution,კალიუმის ბიქრომატის ხსნარი
"Lenses A, B, C","ლინზები, სპექტროფოტომეტრის"
"Zinc Reagent Set, 0.01-2.00mg/L Zn",თუთიის რეაგენტების ნაკრები
Silica Reagent Set for 5500,სილიკას რეგენტების ნაკრები
თერმომეტრი,contact thermometer ets-d5
pH Electrode Storage,ელექტროდის შესანახი ხსნარი
მონტაჟის კომპლექტი PVC მასალით,kit i002 pvc/v/c-9/12mm-nl
Intellical PHC281 Water Quality Laboratory Refillable pH Electrode,ლაბორატორიული PH ელექტროდი
Iron Reagent Powder Pillows,რკინის განსაზღვრის ნაკრები
"Intellical PHC101 Field Low Maintenance Gel Filled pH Electrode, 5 m Cable",PHC101 ველური pH ელექტროდი
Spacer exhaust,სპეისერი გამონაბოლქვისთვის
Antifoam filling kit for 6110 V3,ქაფის შასაჩერებელი ნაკრები
"Sample cell, 1 inch round Glass, 1 pcs","ნიმუშის უჯრა, მრგვალი მინა"
"TOC (Purging Method) 
TNT, 0.3-20.0 mg/L C",TOC (გასუფთავების მეთოდი)
Filter Pad for DR 6000,ფილტრები სპექტოფოტომეტრის
ZoBell's ORP/Redox,რედოქს სტანდარტული ხსნარი
"o-ring set
wf100 80-25 11",ო-რგოლის ნაკრები – მოდელი
"mercury(ii) thiocyanate, 100 g",ვერცხლისწყლის თიოციანატი 
Sodium/Potassium Ionic,ნატრიუმის/კალიუმის იონური
"Chlorine standard solution,",ქლორის სტანდარტული ხსნარი
2100Q Portable Turbidimeter (EPA),სიმღვრივის მზომი აპარატი 
Iron standard solution 100.0,რკინის სტანდარტული ხსნარი
"Pole mounting hardware DO, swivel, 1"" NPT, PVC pole 2 m"," სენსორის სამაგრი, საკიდი"
"ZoBell's ORP/Redox
Standard Solution, 500
mL",რედოქს სტანდარტული ხსნარი
"Zinc Standard Solution, 100 mg/L as Zn (NIST), 100 mL",თუთიის სტანდარტული ხსნარი
"Standard solution chromium, hexavalent, 50 mg/L Cr⁶⁺ (NIST), 100 mL",ქრომის სტანდარტული ხსნარი
"Fluoride Standard Solution, 1 mg/L, 500 mL",ფტორის სტანდარტული ხსნარი
ფლომეტრის სიგნალის კონვერტერი,mfc 400 c - ex (er 2.x.x)
მონაცემთა ლოგერი,netdl 1000 ip data logger
"Natural Water Standard Solution, 1000 ppm Total Dissolved Solids (TDS), 500 ml",წყლის სტანდარტული ხსნარი
თერმოჰიგრომეტრი,thermohygrometer- y401.1
Nitrification inhibitor for BOD,ნიტრიფიკაციის ინჰიბიტორი
"Paddle tester, total aerobic bacteria, total coliforms, 10 pieces",წყლის ბაქტერიული ტესტერი
Nitrification Inhibitor,ნიტრიფიკაციის ინჰიბიტორი
AQUAMAX PRO XL1-B,წყლის ფილტრაციის სისტემა
"TitraVer EDTA Digital Titrator Cartridge, 0.0800 M",ტიტრატორის ედტა რეაგენტი
სონდის ანტიფაუუინგი,aqua troll 700/800 wiper
"Nitrification inhibitor NTH 600, 1 bottle, 25 mL",ნიტრიფიკაციის ინჰიბიტორი
Mineral stabiliser,მინერალური სტაბილიზატორი
Kit spring and cable for protection screen,დამცავის დამჭერი ზამბარა
"Nitrification Inhibitor, 50 mL",ნიტრიფიკაციის ინჰიბიტორი
mfc 400 c - ex,მასის ნაკადის კონტროლერი
"TitraVer EDTA Digital Titrator Cartridge, 0.800 M",ტიტრატორის ედტა რეაგენტი
"Buffer Solution Kit,",ბუფერული ხსნარის ნაკრები
piston vacuum pump rotilabo® cr-kp292,დგუშიანი ვაკუუმური ტუმბო
"Color Standard Solution, 500 Pt Co Units, 1 L",ფერის სტანდარტული ხსნარი
pH/ORP სენსორი Aqua TROLL მოწყობილობისთვის,aqua troll ph/orp sensor
"tin icp standard solution, 100 ml",კალას სტანდარტული ხსნარი
"Pair of sample cells, 10mm, Quartz",ნიმუშის უჯრედების წყვილი
"EDTA Digital Titrator Cartridge, 0.800 M","ციფრული ტიტრატორი ვაზნა,"
"Nitrification Inhibitor, 50",ნიტრიფიკაციის ინჰიბიტორი
moisture analysers ma35mfrom sartorius,ტენიანობის ანალიზატორები
სპეციალური ვენტილაცია,special ventilation jung
"Nitrification Inhibitor, 50
mL",ნიტრიფიკაციის ინჰიბიტორი
"Ammonium cuvette test 100-1,800 mg/L NH₄-N, 25 tests",ამონიუმის კიუვეტის ტესტი
ელექტო მოწყობილობა,electronic for optisound
ბურთულიანი სარქველი,ball valve f-f 1½” brass
Tungsten Lamp,ნათურა სპექტროფოტომეტრის
"
FerroVer Iron Reagent Powder Pillows (pk/100)",რკინის რეაგენტის ფხვნილი
ჰაერის ფილტრი,special ventilation jung
"Ammonium cuvette test
2.0-47.0 mg/L NH₄-N, 25
tests",ამონიუმის ტესტი კუვეტით
mmft300-1000e,Multimedia Filtration -
"Reagent solution, amino","რეაგენტის ხსნარი, ამინო"
Intellical PHC725 Laboratory pH electrode,ლაბორატორიული ელექტროდი
"supp diff 90m3 aisi304
vdroo90 pos. 9",დიფუზორის საყრდენი 90მ³
"bulk impeller 10m3
d100 aisi316 1 pc
vdroo10",იმპელერი (საშტატო) 10მ³
Stablcal Turbidity,სტანდარტების კალიბრაცია
დამაკავშირებელი კაბელი,usb connecting cable 3m
ცენტრიფუგული პომპა,pump - pvm 20-2 ft 50hz
სამაგრი კონსტრუქცია ,"mounting bracket 2"" rvs"
"Ammonium cuvette test
1.0-12.0 mg/L NH₄-N, 25
tests",ამონიუმის ტესტი კუვეტით
"Sulphate cuvette test 150-900 mg/L SO₄, 25 tests",სულფატის კიუვეტის-ტესტი
"Ammonium cuvette test
0.015-2.0 mg/L NH₄-N,
25 tests",ამონიუმის ტესტი კუვეტით
handheld refractometer digital dr series dr-301-95,პორტატული რეფრაქტომეტრი
handheld refractometer digital orf series,პორტატული რეფრაქტომეტრი
"Test kit, sulfate, model SF-1","ტესტ კიტი სულფატისთვის,"
"პოლიპროპილენის ჭიქა  დანაყოფებით, ავტოკლავირებადი","griffin beakers, 600 ml"
ელექტრონული პლატა,i/o (input/output) card
Phosphate Ortho,ფოსფატის ტესტ-კიუვეტები
"Ammonium cuvette test 0.5-5.0 mg/L NH₄-N, 25 tests",ამონიუმის კუვეტის ტესტი
მექანიკური დალუქვის კომპლექტი,mechanical seal kit-371
Nitrate cuvette test 5-,ნიტრიტის კუვეტის ტესტი
"BOD Standard Solution, 300 mg/L, pk/16 - 10-mL Voluette Ampules",ჟბმ სტანდარტული ხსნარი
SENSION+ ORP/Redox Gel electrode (BNC Connector),ელექტროდი ჟაპ-ის მზომი
Magnesium cuvette,მაგნიუმის ტესტ-კიუვეტი
Certificate of Origin,წარმოშობის სერთიფიკატი
"mixing cylinders class a, 50 ml",ცილინდრი ლაბორატორიული
Spacer intake,სპეისერი შთანთქმისთვის
Vial Compartment Lab EPA,კიუვეტის მოსათავსებელი
spoon spatulas stainless steel,ფოლადის კოვზ-სპატულები
Certificate of Origin (for customer),წარმოშობის სერთიფიკატი
"Nitrate cuvette test
0.23-13.5 mg/L NO₃-N,
25 tests",ნიტრიტის კუვეტის ტესტი
mmf200-36,Multimedia Filtration 
"Nitrite cuvette test
0.015- 0.6 mg/L NO₂-N,
25 tests",ნიტრიტის კუვეტის ტესტი
"Nitrate cuvette test 5-
35 mg/L NO₃-N, 25 tests",ნიტრიტის კუვეტის ტესტი
"Sampling bag, sterile with dechlorinating agent, 100 mL, 100 pcs",ნიმუშის ასაღები ტომარა
"ORP Standard Solution, ZOBELL'S
Cal. Std. for MTC, 500ml",ORP სტანდარტული ხსნარი
penetration thermometer digital,თერმომეტრი ელექტრონული
"disposable gloves rotiprotect® -nitril evo, size: m (7-8)",ერთჯერადი ხელთათმანები
"disposable gloves rotiprotect® -nitril evo, size: s (6-7)",ერთჯერადი ხელთათმანები
პოლიალუმინის ქლორიდი,polyaluminium chloride
"ORP Standard Solution, ZOBELL'S",ORP სტანდარტული ხსნარი
"ქიმიური ჭიქა  ფაიფურის, სახელურით 1300 მლ","casseroles, 1300 ml, 4"
დიაფრაგმები,"diaphragm 120 cm2, nbr"
basiclogo bd 00 e,ელექტრონული კონტროლერი
დოზირების სარქველი,"fv-nl-g5/4 pe/v,e/c u3"
წნევის რეგულატორი PVC მასალით,"prv-g5/4-10 pvc/v,e u3"
"Buffer solution pillows,",pH სტანდარტული ხსნარი
"Buffer Powder Pillows, pH 4.01 Colour-coded Red, pk/50",pH სტანდარტის ფხვნილი
"Buffer Powder Pillows, pH 7.00 Colour-coded Yellow, pk/50",pH სტანდარტის ფხვნილი
"Nitrite TNT, 0.002 - 0.500 mg/L NO₂-N",ნიტრატის კიუვეტ ტესტი
"pH Buffer Solution, pH 7.00, 500 mL",pH სტანდარტული ხსნარი
ჩანთა-ფილტრი,nonwoven 5 micron bag
"HQ4300 Portable Multi-Meter, p",პორტატული  მულტიმეტრი
"pH Buffer Solution, pH 4.01, 500 mL",pH სტანდარტული ხსნარი
Singlet Single-use ph Buffer,pH სტანდარტული ხსნარი
გლობუსის ტიპის სარქველი,globe valve type 3241
ხუთ მიკროონიანი ჩანთა,nonwoven 5 micron bag
"pH Buffer Solution, pH 10.01, 500 mL",pH სტანდარტული ხსნარი
გამშვები სარქველი,check valve h/b dn100
ნაკადის მზომი,"optiflux 4050 c, dn50"
Strength Adjustor (ISA),სიძლიერის რეგულირება 
eco 100,Ultraviolet Sytem UV 
"potassium permanganate, 1 kg ≥99 %, ph. eur., usp, bp",კალიუმის პერმანგანატი
Disposable paper tissues,ერთჯერადი ხელსახოცები
Singlet Single-Use pH,pH სტანდარტული ხსნარი
ჩაძირული ტუმბო,priox 50-500/11 m aut
special ventilation jung,სპეციალური ვენტილაცია
IFM UGT525 Ultrasonic sensor,ულტრაბგერითი სენსორი
"Incubator, Hach portable, 12 VDC, 30 - 50 °C (± 0.5 °C)",პორტატული ინკუბატორი
Amidosulphonic acid,ამიდო სულფონის მჟავა
"Turbidity Standard, Stablcal, 200 NTU, 100 mL",ტურბიდობის სტანდარტი
"Stablcal Turbidity Standard, 800 NTU, 100 mL",ტურბიდობის სტანდარტი
"Incubator, Hach 
portable, 12 VDC, 30 
- 50 °C (± 0.5 °C)
",პორტატული ინკუბატორი
aoc-200,PRE-FILTRATION UNIT 
"Turbidity Standard, Stablcal",სიმღვრივის სტანდარტი
მასის სენსორი,optimass mfs 1000 15
ტრიეთანოლამინი,"triethanolamine, 1 l"
"Cable Assembly, Pinch Valve, 2 Way, NC, Process Analyze",პინჩ-სარქველი კაბელი
 სითხის ნაკადის მზომი DN150 მილში,"optiflux 4000, dn150"
 სითხის ნაკადის მზომი DN200 მილში,"optiflux 4000, dn200"
დამტვრევის სისტემიანი სატუმბი ,multicut-pump 35/2 m
 სითხის ნაკადის მზომი DN100 მილში,"optiflux 4000, dn100"
 სითხის ნაკადის მზომი DN250 მილში,"optiflux 4000, dn250"
"Cable Assembly, Pinch Valve, 2 Way, Process Analyzer",პინჩ-სარქველი კაბელი
ნაკადის სენსორი სიგნალის გადამყვანებთან კომბინაციისთვის,optimass mfs 3000 03
"Orbisphere K1100 LDO Sensor Kit, 0-2000 ppb, 410 controller, ¼"" flow chamber, wall mount",სენსორული კონტროლერი
optiflux 6300 c dn65,მაგნიტური დებიტმეტრი
ufc 400 c,სიგნალის კონვერტორი
Sample tube assembly for 6110 V3,ნიმუშების სინჯარები
ifc 300 c,სიგნალის გადამყვანი
"Amino Acid F Reagent Solution, 100mL",ამინო-მჟავის ხსნარი
OPTISOUND 3020 C-1 და SU 600,წყლის დონის მზომები
"Assembly, Colorimeter, Silica",სილიკის კოლორიმეტრი
"Sample cell, 10 mm square Quartz glass, 1 pcs",წყლის ნიმუშის კოლბა
 სითხის ნაკადის მზომი DN50 მილში,"optiflux 4000, dn50"
PAN Indicator Solution, ინდიკატორის ხსნარი
წყლის ფილტრი,gpg 900 step screen
"water still puridest made of stainless steel pd series, pd 4, 4 l/h from lauda",წყლის გამაცხელებელი
"Reagent Set, 3-450µg/L",რეაგენტების ნაკრები
Oxygen Scavenger,ჟანგბადის გამწმენდი
Phosphonate Reagent,ფოსფონატის რეაგენტი
TIME CONTROLLED SINGLE SOFTENER,წყლის დამარბილებელი
"bulk impeller 95m3
d154 aisi304 1 pc
vdroo95",იმპელერი (საშტატო)
"bulk impeller 10m3
d100 aisi304 1 pc
vdroo10",იმპელერი (საშტატო)
"Polyvinyl alcohol dispersing agent,",პოლივინილის სპირტი
Buffer Solution Kit,სტანდარტული ხსნარი
"CKT Board Assembly, Leak Detector, 5500",გაჟონვის დეტექტორი
Polyvinyl alcohol,პოლივინილის სპირტი
"8226_01 titrating burette according to dr schilling automatic, 10 ml",ავტომატური ბიურეტი
"dispersing agent, SCDB,",დისპერსიული აგენტი
ტუმბოს დოზირების საქშენი,dosing pump noozle
IFC 050 Cover Display Window Alu,მრიცხველის სამაგრი
"volumetric flasks blaubrand® class a clear glass, pp stopper, 50 ml, 12/21","მზომი კოლბა, შუშის"
"sodium salicylate, 250 g",ნატრიუმის სილიკატი
Deuterium Lamp for DR 5000,დეიტერიუმის ნათურა
"Replacement Adapter A, DR3900",შემცვლელი ადაპტერი
ფლიანეცი,flange raised face
"volumetric flasks class a transparent, 100 ml, 14/23","მზომი კოლბა, შუშის"
სიგნალის გადამყვანი მასის ნაკადის მრიცხველებისთვის,mfc 400 (er 2.x.x)
ელექტრომაგნიტური ნაკადის გადამყვანი სენსორთან კომბინაციისთვის,ifc 400 f ex - sil
Addista Multi parameter standard solution- LCA707,სტანდარტული ხსნარი
"Electronic Pipet ''TenSette plus'', 0.2 up to 5.0 ml, with rack, battery and power supply",ელექტრონული პიპეტი
სარქველი,checkvalve 4x6 v 1
LDO Sensorkappe für,LDO სენსორის ქუდი
"2,6-Dimethylphenol","2,6-დიმეთილფენოლი"
"heating and magnetic stirrer c-mag hs-digital series, 10 l, hs 7 digital",მაგნიტური შემრევი
"Lithium Battery (3,0 Volt)",ლითიუმის ელემენტი
hebefix 200-50 above floor tank,კანალიზაციის ავზი
"Bleaching (3) Reagent Powder Pillows, pK/100",განთიების ფხვნილი
Foam detection cable 70987 for 6110 V3,ფოუამის დეტექციის
Solenoid valve 3/2 NC w/o-ring,სოლენოიდური ვალვო
"Reagent Set, Powder Pillows",რეაგენტის ნაკრები
Handheld display IFC050,მრიცხველის ეკრანი
"LDO Sensorkappe für
INTELLICAL LDO",LDO სენსორის ქუდი
ზეწოლის საზომი სენსორი,optibar pm 5060 c
"CL114 cable, 1m, for screw cap electrode FX/S7/coax, BNC plug",ელექტროდის კაბელი
"Assembly, Y-Strainer, Process Analyzer",Y-ფილტრი ასამბლეა
Deuterium Lamp for DR,დეუტერიუმის ლამპა
"Pressure regulator for 5500sc analysers, preset at 0.3 bar",წნევის რეგულატორი
"calcium chloride, 500 g",კალციუმის ქლორიდი
"Deuterium Lamp for DR
5000",დეუტერიუმის ლამპა
"stirring bars rotilabo® glass, 250 mm, ø: 7 mm","მინის სარეველები,"
"Powder Pillows, DPD (pk",ფხვნილის ბალიშები
Reagent Solution (100,რეაგენტის ხსნარი 
Phosphate Reagent,ფოსფატის რეაგენტი
Reagent Powder,რეაგენტის ფხვნილი
ორ პომპიანი კონტროლერი,basiclogo bd 00 e
"measuring cylinders class a blue graduations, 1000 ml",საზომი ცილინდრები
ტუმბოს მართვის პანელი,basiclogo bd 00 e
Hall Sensor Tester,სენსორის ტესტერი
Hebefix 200-50 Above floor tank,მცირე რეზერვუარი
"kit or d252 nbr
vdroo95",ო-რგოლის ნაკრები
DR3900,სპექტროფოტომეტრი
წყლის წნევის მრიცხველი,optibar psm 1010
"kit or d169 epdm
vdroo10-15-20",ო-რგოლის ნაკრები
Lithium battery,ლითიუმის ბატარეა
DR6000 UV VIS Spectrophotometer,სპექტროფოტომეტრი
Sample vials for TU5200 Benchtop Laser Turbidimeter,სინჯის ფლაკონები
"Cable Assembly, Pinch Valve, 3 Way, Process Analyzer",კაბელის ასამბლეა
"Cable Assembly, Reagent Valve, Process Analyzer",რეაგენტის კაბელი
"pasteur pipettes with folding bellows graduated, 1.5 ml, 134 mm",პასტერი პიპეტები
"Stopper, Neoprene,
Solid, Size 1, 12/pk",ნეოპრენის საცობი
"Stopper, Neoprene,",ნეოპრენის საცობი
Pipette tips 1.0-5.0 mL (750 pcs),პიპეტის ბუნიკები
AluVer 3 Aluminum Reagent Powder Pillows,ალუმინის ფხვნილი
"Pipette tips for Tensette pipette 1970010, sterile, 1.0-10.0 mL, pk/50",პიპეტის ბუნიკები
დიფერენციალური წნევის სენსორი,optibar dsp 3000
"Solution Pillows, 0.009",ხსნარის ბალიშები
"Filter with GoreTex membrane for 6110 V3
",გორტექსის ფილტრი
"Reducing Solution, ORP Electrodes",დაჟანგვის ხსნარი
ტემპერატურის სენსორი,optitemp tra-w30
რკინაზე დასამაგრებელი ტემპერატურის ტრანსმიტერი.,optitemp tt 12 r
DR6000 UV VIS Spectrophotometer without RFID Technology,სპექტროფოტომეტრი
Filter with GoreTex membrane for 6110 V3,გორტექსის ფილტრი
"syringe filter, ptfe, 0,45 µm, 25 mm",ფილტრები შპრიცის
"DR3900
Spectrophotometer
without RFID*
Technology",სპექტროფოტომეტრი
Protective Glove,მზომის ჩასადები
Portable HQ Series Field Case,პორტატული კეისი
DR 3900 VIS Spectrophotometer,სპექტოფოტომეტრი
"Sample cell, 1 inch round Polystyrene, 2 pcs",სანიმუშო უჯრედი
"Sample cell, 1 inch round Glass, 6 pcs",სანიმუშო უჯრედი
DR1900 Portable spectrophotometer (bundle),სპექტოფოტომეტრი
დონის განსაზღვრის სენორი,optiflex 7200 c
"Sample cell, 25 mm round Glass, 6 pcs",სანიმუშო უჯრედი
"Ethernet cable M12 to RJ45, 5 m",ეთერნეტი კაბელი
Sensor head BOD Direct Plus,სენსორის თავაკი
"Pipet tips, 5 ul - 200 ul capacity, 1000/pk",პიპეტის წვერები
thermohygrometer- y401.1,თერმოჰიდრომეტრი
griess reagent,გრისის რეაგენტი
"Pipette tips 1.0-10.0 mL for electronic pipette, 50 pcs",პიპეტის წვერები
წყლის ნაკადის მრიცხველი,optiflux 4000 f
"pipette tips rotilabo® 1000 µl, standard, bag, 500 unit(s), non-sterile, colourless from roth selection",პიპეტის წვერები
Natural Water Standard Solution,წყლის სტანდარტი
thermohygrometer testo 608 series testo 608-h2    with alarm,თერმოჰიდრომეტრი
"Phosphate, total, TNT, 1.0 - 100 mg/L PO₄","ფოსფატი, საერთო"
Free Chlorine Reagent,ქლორის რეაგენტი
Powder Pillows 0.02,პუდრის ბალიშები
Molybdovanadate,მოლიბდოვანადატი
სარქველები,optibar ventile
რადარის ტიპის დონის მაჩვენებელი,optiflex 7200 c
"Sample Cell: 1"" Square",სანიმუშო უჯრედი
"Filter kit, field, coliform & E.coli",ფილტრის ნაკრები
Pipette Holder,პიპეტის დამეჭრი
"Copper trace cuvette test 0.01-1.0 mg/L Cu, 20 tests",სპილენძის ტესტი
Stearic acid,სტეარინის მჟავა
FerroZine Iron Reagent,რკინის რეაგენტი
OTT SLD Side-Looking Doppler Flow Sensor,წყლის მრიცხველი
" Sample Cell: 1"" Square 
Glass 10 mL matched 
pair",სანიმუშო უჯრედი
BOD bottle,ნიმუშის ბოთლები
"Replacement Sensor for CLF10 sc, SS Tip",ცვლადი სენსორი
OPTISOUND 3020 C,წყლის დონმზომი
"Test kit cyanide, model CYN-3",ციანიდის ტესტი
დალუქვის გარნიტურის კომპლექტი,gasket kit 201
"Sample Cell: 1"" Square Glass 10 mL
matched pair",ნიმუშის უჯრედი
"Filter mat M80, 80 x 80 mm, for HT200S",ფილტრის ზეწარი
"wash bottle, 250 ml",ჩამრეცხი ბოთლი
Test strips pH 0 - 14,სატესტო ზოლები
"wash bottle, 500 ml",ჩამრეცხი ბოთლი
Silicone oil,სილიკონის ზეთი
"Sample Cell: 1"" Square Glass 10 mL",ნიმუშის უჯრედი
"COD cuvette test 150-1000 mg/L O₂, 25 tests",კიუვეტის ტესტი
"Paddle tester, total 
aerobic bacteria, 
total coliforms, 10 
pieces",პადლის ტესტერი
"weighing pan rotilabo® blue, antistatic, 100 ml, 85 mm, 85 mm",ასაწონი ჯამები
Seals for all 3 phase pumps,წყლის სისტემა
"Nitrogen, total, TNT,","აზოტი, საერთო"
ფილტრი,akualys agm70
Bag filter,წყლის სისტემა
"Mechanical flow meter - 1,6-16 cmh",წყლის სისტემა
Transmitter 4.20ma 10bar,წყლის სისტემა
Unigate CL,ელექტრო სქემა
"n-Hexadecane,",ნ-ჰექსადეკანი
Sulfanilamide,სულფანილამიდი
"Sample cell, 50 mm",ნიმუშის კოლბა
"Cyclohexanone, 100mL MDB",ციკლოექსანონი
"Round cuvettes for LICO,",მინის კიუვეტა
"Sample Cell: 1"" Square
Glass 10 mL matched
pair",ნიმუშის კოლბა
"Sample cell, 50 mm
rectangular Glass, 1 pcs
(2629250)",ნიმუშის კოლბა
"1,2,3-benzotriazole, 1 kg
sku: 9924.3",ბენზოტრიაზოლი
"pocket balance cm series, 0,1 g, 150 g, cm 150-1n",ჯიბის სასწორი
შეფუთვის საფასური,Packaging Fee
Bleaching (3),გათეთრება (3)
"Nitrogen, total, TNT, 
0.5-25 mg/L N","აზოტი, საერთო"
"spoon spatulas with flat spoon, 150 mm",შპატელი/კოვზი
LDO Sensorkappe,სენსორის ხუფი
"impeller 90m3 d145,3
aisi304
vdroo90 pos. 32",იმპელერი 90მ³
"Nitrogen, Ammonia TNT, 0.4 - 50 mg/L NH₃-N","აზოტი, ამიაკი"
"diffuser 90m3 aisi304
vdroo90 pos. 8",დიფუზორი 90მ³
"Nitrogen, Ammonia TNT, 0.02 - 2.50 mg/L NH₃-N","აზოტი, ამიაკი"
Thomson Channels,ტომსონის არხი
Automatic Backwash Bag Filter,წყლის სისტემა
UF membrane caps,წყლის სისტემა
sulphanilamide,სულფანილამიდი
"COD cuvette test 5-60 mg/L O₂, 25 tests",კუვეტის ტესტი
ოპტიკური სიგნალის გადაცემის მოწყობილობა,optiwave 1520
"Valve, Toggle, 1/8 FNPT to 1/8 FNPT",ტოგლ სარქველი
რადარული დონეზე მაჩვენებელი,optiwave 1520
Actuator valve,წყლის სისტემა
ring seals for UF membrane,წყლის სისტემა
Flowmeter for MMF200-36,წყლის სისტემა
"Coupling 2""",წყლის სისტემა
"Nitrobenzene,",ნიტრობენზოლი
Intellical PHC101 Field,pH ელექტროდი
"beaker rotilabo® low form, 50 ml",ქიმიური ჭიქა
USB stick,იუზბი კაბელი
"measuring cylinders class a blue graduations, 100 ml",ქიმიური ჭიქა
სტატიკური მიქსერი,static mixer
"Intellical PHC201 Laboratory General Purposes Gel Filled pH Electrode,",ელექტროდი pH
"beaker rotilabo® low form, 600 ml",ქიმიური ჭიქა
pH Electrode for 8362 Ultrapure Water Sensor,ph ელექტროდი
"beaker rotilabo® low form, 250 ml",ქიმიური ჭიქა
TL2310 LED Turbidimeter,ტურბიდიმეტრი
"Intellical PHC201 Laboratory General Purposes Gel Filled pH Electrode, 1 m Cable",pH ელექტროდი
vn3044406s0010f80000,IFC 300     
"Intellical PHC101 Field
Low Maintenance Gel
Filled pH Electrode, 10
m Cable",pH ელექტროდი
"beaker rotilabo® low form, 100 ml",ქიმიური ჭიქა
OPTISONIC 6000,ტრანსდუსერი
"COD standard solution, 300 mg/L O₂ (NIST), 200 mL",სტანდარტული
Certificate of Origin ,სერტიფიკატი
"volumetric flasks class a clear glass, 1000 ml, 24/29",მზომი კოლბა
"volumetric flasks class a clear glass, 500 ml, 19/26",მზომი კოლბა
"volumetric flasks class a clear glass, 100 ml, 12/21",მზომი კოლბა
წყლის ფილტრაციის ლამელა მოწყობილობა,lamella pvc
ლამელა,lamella pvc
Dosing Pump,დოზის ტუმბო
Carrier Profile & Anti floating Fixtures,აქსესუარები
Non-return valve AF cartridge,უკუსარქველი
"volumetric flasks class a clear glass, 250 ml, 14/23",მზომი კოლბა
"volumetric flasks class a clear glass, 50 ml, 12/21",მზომი კოლბა
AU 45° reflector TU5xxx,რეფლექტორი
trichloromethane/chloroform 2.5 l per pack,ქლოროფორმი
"SC4500 Controller, Prognosys, 5x mA Output, 1 digital Sensor, 100 - 240 VAC, without power cord",კონტროლერი
"HQ430D Laboratory Single Input, Multi-Parameter Meter - pH, Conductivity, Optical Dissolved Oxygen, ORP, and ISE with Electrode Stand",მულტიმეტრი
seven2go cond meter s7 (set),მულტიმეტრი
"hydrometer precision, 1.500 to 1.600 g/cm³",არეომეტრი
"Sample cells with caps for 2100 portable turbidimeters, 10 mL, 6 pcs",კიუვეტები
"hydrometer precision, 1.200 to 1.300 g/cm³",არეომეტრი
VuLink უკაბელო კომუნიკაციის ინტერფეისი,vulink ci
"hydrometer precision, 0.900 to 1.000 g/cm³",არეომეტრი
Intellical PHC101,ელექტროდი
"round filters type: mn 640 w, ø: 150 mm",ფილტრები 
Sample vials for TU5200,კიუვეტები
"hydrometer precision, 1.400 to 1.500 g/cm³",არეომეტრი
"hydrometer precision, 1.100 to 1.200 g/cm³",არეომეტრი
"hydrometer precision, 1.300 to 1.400 g/cm³",არეომეტრი
"hydrometer precision, 1.600 to 1.700 g/cm³",არეომეტრი
"SENSION+ ORP/Redox Gel electrode, ceramic diaphragm",ელექტროდი
"culture vials with screw cap soda-lime glass, 20 ml, height: 160 mm",სინაჯრები
"hydrometer precision, 1.000 to 1.100 g/cm³",არეომეტრი
"hydrometer precision, 0.800 to 0.900 g/cm³",არეომეტრი
"hydrometer precision, 0.700 to 0.800 g/cm³",არეომეტრი
Intellical CDC401,ელექტროდი
"pH electrode 5334T, with PT1000, 0-100 ºC, 5 bar, MP-4 connector",ელექტროდი
Intellical MTC101,ელექტროდი
Intellical LDO101,ელექტროდი
"hydrometer precision, 1.700 to 1.800 g/cm³",არეომეტრი
"hydrometer precision, 1.800 to 1.900 g/cm³",არეომეტრი
ელექტრომაგნიტური ნაკადის გადამყვანი,ifc 100 c
"Pillows, pK/100",ბალიშები
მილი,hose 6mm
precision balance me2002t/00,სასწორი
Standards Calibration,ნაკრები
c315.300.c2.k   load cell platform scale,სასწორი
balance xpr204s,სასწროი
სიგნალის გამაძლიერებელი ნაკადის საზომი სისტემებისთვის,ifc 050
"tweezers straight blunt, 130 mm
sku: 2689.1",პინცეტი
Flash Mixer AISI 304,მიქსერი
wcl 20/a2 precision balance,სასწორი
Drive Ring Round Cuvette,კიუვეტა
კონტროლის/დისპლეის მოწყობილობა,shd 200
სიგნალის კონვერტერი,ifc 050
"Pipette, variable volume",პიპეტი
Tensette Pipette 1.0 - 10.0 mL,პიპეტი
Lamella PVC,ლამელა
"solution, 50 mL, SCDB",ხსნარი
PRIOX 50-500/11 M AUT,ტუმბო
MULTICUT-PUMP 20/2 M plus,ტუმბო
"acid F, 20 ampules",მჟავა
"screw top bottle rotilabo® clear glass, 500 ml, gl 45",ბოთლი
TANK AT 115,ავზი
